Workbook

Sheet LEEME
A1: KJA | GANTT Y SPRINTS MENSUALES
A4: Periodo | B4: Antecedente: 28/08/2026. Sprint 1: septiembre; Sprint 2: octubre; Sprint 3: noviembre; Sprint 4: diciembre de 2026.
A5: Corte histórico | B5: 22/09/2026. El despliegue inicial del 28/08 consta en docs/dashboard-base.md y en el commit d189536.
A6: Cómo leer el Gantt | B6: R = día con registro Git; D = despliegue documentado; L = documento local; P = día propuesto. Los colores agrupan H.U.; las letras distinguen evidencia y planificación.
A7: Duración | B7: Número de días marcados por tarea. En el histórico son días con evidencia, no esfuerzo ni dedicación continua. No sumar estas duraciones como duración total del proyecto.
A8: Responsables | B8: Histórico: nombres tal como aparecen en Git, sin atribuirles responsabilidad contractual. Propuestas: roles pendientes de asignación nominal.
A9: Historias de usuario | B9: HU-G01–HU-G12 son agrupaciones propuestas para este cronograma; no sustituyen H.U. aprobadas ni prueban que existieran en esas fechas.
A10: Todas las áreas | B10: Se incluyen las 10 áreas de las semillas SQL. Dirección y Sistemas participan transversalmente. Confirmar catálogo vigente: no se consultó la base remota.
A11: Calendario | B11: Propuestas de lunes a viernes; exclusiones iniciales por confirmar: 08/10, 08/12, 09/12 y 25/12. Editar Laborable en CALENDARIO. El histórico conserva registros de fines de semana.
A12: Actualizar | B12: Editar filas existentes en TAREAS: fechas, responsable, tarea, naturaleza y evidencias. La duración y las barras se recalculan. Editar CALENDARIO modifica días propuestos.
A13: Cambiar de sprint o agregar filas | B13: Las pestañas contienen la selección inicial por mes. Al agregar una tarea o cambiarla de mes, actualizar también su fila y fórmulas en la pestaña de destino.
A14: Límite del plan | B14: Las fechas futuras son propuestas; no son trabajo terminado ni autorización para desplegar o publicar. El plan usa un frente principal de Sistemas y debe ajustarse a la capacidad real.
A15: Evidencia | B15: TAREAS conserva fuente/commit, fechas de registro, RF relacionados, dependencias y criterio de salida. Registro Git no prueba un despliegue ni una prueba funcional aprobada.
A17: Sprint | B17: Mes | C17: Objetivo | D17: Tareas | E17: Registros | F17: Propuestas | G17: Inicio | H17: Fin
A18: Antecedente | B18: Agosto | C18: Puesta en marcha | D18: =COUNTIF(TAREAS!$B$5:$B$64,A18) -> 3 | E18: =COUNTIFS(TAREAS!$B$5:$B$64,A18,TAREAS!$I$5:$I$64,"<>Propuesta") -> 3 | F18: =COUNTIFS(TAREAS!$B$5:$B$64,A18,TAREAS!$I$5:$I$64,"Propuesta") -> 0 | G18: 46262 | H18: 46265
A19: Sprint 1 | B19: Septiembre | C19: Consolidar y documentar | D19: =COUNTIF(TAREAS!$B$5:$B$64,A19) -> 29 | E19: =COUNTIFS(TAREAS!$B$5:$B$64,A19,TAREAS!$I$5:$I$64,"<>Propuesta") -> 25 | F19: =COUNTIFS(TAREAS!$B$5:$B$64,A19,TAREAS!$I$5:$I$64,"Propuesta") -> 4 | G19: 46266 | H19: 46295
A20: Sprint 2 | B20: Octubre | C20: Actualizar las diez áreas | D20: =COUNTIF(TAREAS!$B$5:$B$64,A20) -> 11 | E20: =COUNTIFS(TAREAS!$B$5:$B$64,A20,TAREAS!$I$5:$I$64,"<>Propuesta") -> 0 | F20: =COUNTIFS(TAREAS!$B$5:$B$64,A20,TAREAS!$I$5:$I$64,"Propuesta") -> 11 | G20: 46296 | H20: 46326
A21: Sprint 3 | B21: Noviembre | C21: Implementar mejoras priorizadas | D21: =COUNTIF(TAREAS!$B$5:$B$64,A21) -> 8 | E21: =COUNTIFS(TAREAS!$B$5:$B$64,A21,TAREAS!$I$5:$I$64,"<>Propuesta") -> 0 | F21: =COUNTIFS(TAREAS!$B$5:$B$64,A21,TAREAS!$I$5:$I$64,"Propuesta") -> 8 | G21: 46327 | H21: 46356
A22: Sprint 4 | B22: Diciembre | C22: Validar, capacitar y cerrar | D22: =COUNTIF(TAREAS!$B$5:$B$64,A22) -> 9 | E22: =COUNTIFS(TAREAS!$B$5:$B$64,A22,TAREAS!$I$5:$I$64,"<>Propuesta") -> 0 | F22: =COUNTIFS(TAREAS!$B$5:$B$64,A22,TAREAS!$I$5:$I$64,"Propuesta") -> 9 | G22: 46357 | H22: 46387

Sheet ANTECEDENTE
A1: ANTECEDENTE · AGOSTO 2026 | GANTT
A3: Puesta en marcha · Corte histórico: 22/09/2026 · Fechas futuras propuestas
A4: R registro Git · D despliegue documentado · L documento local · P propuesta | Duración = días marcados, no horas de esfuerzo
A5: Editar TAREAS para actualizar fechas y contenido. HU-G son agrupaciones propuestas; responsables futuros pendientes de confirmación.
A7: Historia de usuario propuesta | B7: Tarea / entregable | C7: Responsable / autor | D7: Días | E7: 46262 | F7: 46263 | G7: 46264 | H7: 46265
E8: V | F8: S | G8: D | H8: L
A9: =TAREAS!C5 -> HU-G01 · Como colaborador, quiero acceder al portal y consultar mi asistencia. | B9: =TAREAS!A5&" · "&TAREAS!D5 -> T-001 · Acceso, permisos e integración inicial del dashboard | C9: =TAREAS!F5 -> yeiserDev | D9: =COUNTIF(E9:H9,"R")+COUNTIF(E9:H9,"D")+COUNTIF(E9:H9,"L")+COUNTIF(E9:H9,"P") -> 1 | E9: =IF(TAREAS!$I$5="Propuesta",IF(AND(E$7>=TAREAS!$G$5,E$7<=TAREAS!$H$5,CALENDARIO!$C$5=1),"P",""),IF(ISNUMBER(SEARCH(TEXT(E$7,"yyyy-mm-dd"),TAREAS!$J$5)),IF(TAREAS!$I$5="Registro Git","R",IF(TAREAS!$I$5="Despliegue documentado","D","L")),"")) -> R | F9: =IF(TAREAS!$I$5="Propuesta",IF(AND(F$7>=TAREAS!$G$5,F$7<=TAREAS!$H$5,CALENDARIO!$C$6=1),"P",""),IF(ISNUMBER(SEARCH(TEXT(F$7,"yyyy-mm-dd"),TAREAS!$J$5)),IF(TAREAS!$I$5="Registro Git","R",IF(TAREAS!$I$5="Despliegue documentado","D","L")),"")) | G9: =IF(TAREAS!$I$5="Propuesta",IF(AND(G$7>=TAREAS!$G$5,G$7<=TAREAS!$H$5,CALENDARIO!$C$7=1),"P",""),IF(ISNUMBER(SEARCH(TEXT(G$7,"yyyy-mm-dd"),TAREAS!$J$5)),IF(TAREAS!$I$5="Registro Git","R",IF(TAREAS!$I$5="Despliegue documentado","D","L")),"")) | H9: =IF(TAREAS!$I$5="Propuesta",IF(AND(H$7>=TAREAS!$G$5,H$7<=TAREAS!$H$5,CALENDARIO!$C$8=1),"P",""),IF(ISNUMBER(SEARCH(TEXT(H$7,"yyyy-mm-dd"),TAREAS!$J$5)),IF(TAREAS!$I$5="Registro Git","R",IF(TAREAS!$I$5="Despliegue documentado","D","L")),""))
A10: =TAREAS!C6 -> HU-G01 · Como colaborador, quiero acceder al portal y consultar mi asistencia. | B10: =TAREAS!A6&" · "&TAREAS!D6 -> T-002 · Hito: despliegue inicial del portal documentado | C10: =TAREAS!F6 -> Por confirmar | D10: =COUNTIF(E10:H10,"R")+COUNTIF(E10:H10,"D")+COUNTIF(E10:H10,"L")+COUNTIF(E10:H10,"P") -> 1 | E10: =IF(TAREAS!$I$6="Propuesta",IF(AND(E$7>=TAREAS!$G$6,E$7<=TAREAS!$H$6,CALENDARIO!$C$5=1),"P",""),IF(ISNUMBER(SEARCH(TEXT(E$7,"yyyy-mm-dd"),TAREAS!$J$6)),IF(TAREAS!$I$6="Registro Git","R",IF(TAREAS!$I$6="Despliegue documentado","D","L")),"")) -> D | F10: =IF(TAREAS!$I$6="Propuesta",IF(AND(F$7>=TAREAS!$G$6,F$7<=TAREAS!$H$6,CALENDARIO!$C$6=1),"P",""),IF(ISNUMBER(SEARCH(TEXT(F$7,"yyyy-mm-dd"),TAREAS!$J$6)),IF(TAREAS!$I$6="Registro Git","R",IF(TAREAS!$I$6="Despliegue documentado","D","L")),"")) | G10: =IF(TAREAS!$I$6="Propuesta",IF(AND(G$7>=TAREAS!$G$6,G$7<=TAREAS!$H$6,CALENDARIO!$C$7=1),"P",""),IF(ISNUMBER(SEARCH(TEXT(G$7,"yyyy-mm-dd"),TAREAS!$J$6)),IF(TAREAS!$I$6="Registro Git","R",IF(TAREAS!$I$6="Despliegue documentado","D","L")),"")) | H10: =IF(TAREAS!$I$6="Propuesta",IF(AND(H$7>=TAREAS!$G$6,H$7<=TAREAS!$H$6,CALENDARIO!$C$8=1),"P",""),IF(ISNUMBER(SEARCH(TEXT(H$7,"yyyy-mm-dd"),TAREAS!$J$6)),IF(TAREAS!$I$6="Registro Git","R",IF(TAREAS!$I$6="Despliegue documentado","D","L")),""))
A11: =TAREAS!C7 -> HU-G03 · Como colaborador, quiero gestionar mi perfil y mis solicitudes. | B11: =TAREAS!A7&" · "&TAREAS!D7 -> T-003 · Fotografía privada, avatar y mejora del ingreso | C11: =TAREAS!F7 -> yeiserDev | D11: =COUNTIF(E11:H11,"R")+COUNTIF(E11:H11,"D")+COUNTIF(E11:H11,"L")+COUNTIF(E11:H11,"P") -> 1 | E11: =IF(TAREAS!$I$7="Propuesta",IF(AND(E$7>=TAREAS!$G$7,E$7<=TAREAS!$H$7,CALENDARIO!$C$5=1),"P",""),IF(ISNUMBER(SEARCH(TEXT(E$7,"yyyy-mm-dd"),TAREAS!$J$7)),IF(TAREAS!$I$7="Registro Git","R",IF(TAREAS!$I$7="Despliegue documentado","D","L")),"")) -> R | F11: =IF(TAREAS!$I$7="Propuesta",IF(AND(F$7>=TAREAS!$G$7,F$7<=TAREAS!$H$7,CALENDARIO!$C$6=1),"P",""),IF(ISNUMBER(SEARCH(TEXT(F$7,"yyyy-mm-dd"),TAREAS!$J$7)),IF(TAREAS!$I$7="Registro Git","R",IF(TAREAS!$I$7="Despliegue documentado","D","L")),"")) | G11: =IF(TAREAS!$I$7="Propuesta",IF(AND(G$7>=TAREAS!$G$7,G$7<=TAREAS!$H$7,CALENDARIO!$C$7=1),"P",""),IF(ISNUMBER(SEARCH(TEXT(G$7,"yyyy-mm-dd"),TAREAS!$J$7)),IF(TAREAS!$I$7="Registro Git","R",IF(TAREAS!$I$7="Despliegue documentado","D","L")),"")) | H11: =IF(TAREAS!$I$7="Propuesta",IF(AND(H$7>=TAREAS!$G$7,H$7<=TAREAS!$H$7,CALENDARIO!$C$8=1),"P",""),IF(ISNUMBER(SEARCH(TEXT(H$7,"yyyy-mm-dd"),TAREAS!$J$7)),IF(TAREAS!$I$7="Registro Git","R",IF(TAREAS!$I$7="Despliegue documentado","D","L")),""))

Sheet SPRINT 1
A1: SPRINT 1 · SEPTIEMBRE 2026 | GANTT
A3: Consolidar y documentar · Corte histórico: 22/09/2026 · Fechas futuras propuestas
A4: R registro Git · D despliegue documentado · L documento local · P propuesta | Duración = días marcados, no horas de esfuerzo
A5: Editar TAREAS para actualizar fechas y contenido. HU-G son agrupaciones propuestas; responsables futuros pendientes de confirmación.
A7: Historia de usuario propuesta | B7: Tarea / entregable | C7: Responsable / autor | D7: Días | E7: 46266 | F7: 46267 | G7: 46268 | H7: 46269 | I7: 46270 | J7: 46271 | K7: 46272 | L7: 46273 | M7: 46274 | N7: 46275 | O7: 46276 | P7: 46277 | Q7: 46278 | R7: 46279 | S7: 46280 | T7: 46281 | U7: 46282 | V7: 46283 | W7: 46284 | X7: 46285 | Y7: 46286 | Z7: 46287 | AA7: 46288 | AB7: 46289 | AC7: 46290 | AD7: 46291 | AE7: 46292 | AF7: 46293 | AG7: 46294 | AH7: 46295
E8: M | F8: X | G8: J | H8: V | I8: S | J8: D | K8: L | L8: M | M8: X | N8: J | O8: V | P8: S | Q8: D | R8: L | S8: M | T8: X | U8: J | V8: V | W8: S | X8: D | Y8: L | Z8: M | AA8: X | AB8: J | AC8: V | AD8: S | AE8: D | AF8: L | AG8: M | AH8: X
A9: =TAREAS!C8 -> HU-G02 · Como colaborador, quiero registrar mi jornada según modalidad y ubicación. | B9: =TAREAS!A8&" · "&TAREAS!D8 -> T-004 · Marcado seguro, geocerca y mapa de oficina | C9: =TAREAS!F8 -> yeiserDev | D9: =COUNTIF(E9:AH9,"R")+COUNTIF(E9:AH9,"D")+COUNTIF(E9:AH9,"L")+COUNTIF(E9:AH9,"P") -> 1 | E9: =IF(TAREAS!$I$8="Propuesta",IF(AND(E$7>=TAREAS!$G$8,E$7<=TAREAS!$H$8,CALENDARIO!$C$9=1),"P",""),IF(ISNUMBER(SEARCH(TEXT(E$7,"yyyy-mm-dd"),TAREAS!$J$8)),IF(TAREAS!$I$8="Registro Git","R",IF(TAREAS!$I$8="Despliegue documentado","D","L")),"")) -> R | F9: =IF(TAREAS!$I$8="Propuesta",IF(AND(F$7>=TAREAS!$G$8,F$7<=TAREAS!$H$8,CALENDARIO!$C$10=1),"P",""),IF(ISNUMBER(SEARCH(TEXT(F$7,"yyyy-mm-dd"),TAREAS!$J$8)),IF(TAREAS!$I$8="Registro Git","R",IF(TAREAS!$I$8="Despliegue documentado","D","L")),"")) | G9: =IF(TAREAS!$I$8="Propuesta",IF(AND(G$7>=TAREAS!$G$8,G$7<=TAREAS!$H$8,CALENDARIO!$C$11=1),"P",""),IF(ISNUMBER(SEARCH(TEXT(G$7,"yyyy-mm-dd"),TAREAS!$J$8)),IF(TAREAS!$I$8="Registro Git","R",IF(TAREAS!$I$8="Despliegue documentado","D","L")),"")) | H9: =IF(TAREAS!$I$8="Propuesta",IF(AND(H$7>=TAREAS!$G$8,H$7<=TAREAS!$H$8,CALENDARIO!$C$12=1),"P",""),IF(ISNUMBER(SEARCH(TEXT(H$7,"yyyy-mm-dd"),TAREAS!$J$8)),IF(TAREAS!$I$8="Registro Git","R",IF(TAREAS!$I$8="Despliegue documentado","D","L")),"")) | I9: =IF(TAREAS!$I$8="Propuesta",IF(AND(I$7>=TAREAS!$G$8,I$7<=TAREAS!$H$8,CALENDARIO!$C$13=1),"P",""),IF(ISNUMBER(SEARCH(TEXT(I$7,"yyyy-mm-dd"),TAREAS!$J$8)),IF(TAREAS!$I$8="Registro Git","R",IF(TAREAS!$I$8="Despliegue documentado","D","L")),"")) | J9: =IF(TAREAS!$I$8="Propuesta",IF(AND(J$7>=TAREAS!$G$8,J$7<=TAREAS!$H$8,CALENDARIO!$C$14=1),"P",""),IF(ISNUMBER(SEARCH(TEXT(J$7,"yyyy-mm-dd"),TAREAS!$J$8)),IF(TAREAS!$I$8="Registro Git","R",IF(TAREAS!$I$8="Despliegue documentado","D","L")),"")) | K9: =IF(TAREAS!$I$8="Propuesta",IF(AND(K$7>=TAREAS!$G$8,K$7<=TAREAS!$H$8,CALENDARIO!$C$15=1),"P",""),IF(ISNUMBER(SEARCH(TEXT(K$7,"yyyy-mm-dd"),TAREAS!$J$8)),IF(TAREAS!$I$8="Registro Git","R",IF(TAREAS!$I$8="Despliegue documentado","D","L")),"")) | L9: =IF(TAREAS!$I$8="Propuesta",IF(AND(L$7>=TAREAS!$G$8,L$7<=TAREAS!$H$8,CALENDARIO!$C$16=1),"P",""),IF(ISNUMBER(SEARCH(TEXT(L$7,"yyyy-mm-dd"),TAREAS!$J$8)),IF(TAREAS!$I$8="Registro Git","R",IF(TAREAS!$I$8="Despliegue documentado","D","L")),"")) | M9: =IF(TAREAS!$I$8="Propuesta",IF(AND(M$7>=TAREAS!$G$8,M$7<=TAREAS!$H$8,CALENDARIO!$C$17=1),"P",""),IF(ISNUMBER(SEARCH(TEXT(M$7,"yyyy-mm-dd"),TAREAS!$J$8)),IF(TAREAS!$I$8="Registro Git","R",IF(TAREAS!$I$8="Despliegue documentado","D","L")),"")) | N9: =IF(TAREAS!$I$8="Propuesta",IF(AND(N$7>=TAREAS!$G$8,N$7<=TAREAS!$H$8,CALENDARIO!$C$18=1),"P",""),IF(ISNUMBER(SEARCH(TEXT(N$7,"yyyy-mm-dd"),TAREAS!$J$8)),IF(TAREAS!$I$8="Registro Git","R",IF(TAREAS!$I$8="Despliegue documentado","D","L")),"")) | O9: =IF(TAREAS!$I$8="Propuesta",IF(AND(O$7>=TAREAS!$G$8,O$7<=TAREAS!$H$8,CALENDARIO!$C$19=1),"P",""),IF(ISNUMBER(SEARCH(TEXT(O$7,"yyyy-mm-dd"),TAREAS!$J$8)),IF(TAREAS!$I$8="Registro Git","R",IF(TAREAS!$I$8="Despliegue documentado","D","L")),"")) | P9: =IF(TAREAS!$I$8="Propuesta",IF(AND(P$7>=TAREAS!$G$8,P$7<=TAREAS!$H$8,CALENDARIO!$C$20=1),"P",""),IF(ISNUMBER(SEARCH(TEXT(P$7,"yyyy-mm-dd"),TAREAS!$J$8)),IF(TAREAS!$I$8="Registro Git","R",IF(TAREAS!$I$8="Despliegue documentado","D","L")),"")) | Q9: =IF(TAREAS!$I$8="Propuesta",IF(AND(Q$7>=TAREAS!$G$8,Q$7<=TAREAS!$H$8,CALENDARIO!$C$21=1),"P",""),IF(ISNUMBER(SEARCH(TEXT(Q$7,"yyyy-mm-dd"),TAREAS!$J$8)),IF(TAREAS!$I$8="Registro Git","R",IF(TAREAS!$I$8="Despliegue documentado","D","L")),"")) | R9: =IF(TAREAS!$I$8="Propuesta",IF(AND(R$7>=TAREAS!$G$8,R$7<=TAREAS!$H$8,CALENDARIO!$C$22=1),"P",""),IF(ISNUMBER(SEARCH(TEXT(R$7,"yyyy-mm-dd"),TAREAS!$J$8)),IF(TAREAS!$I$8="Registro Git","R",IF(TAREAS!$I$8="Despliegue documentado","D","L")),"")) | S9: =IF(TAREAS!$I$8="Propuesta",IF(AND(S$7>=TAREAS!$G$8,S$7<=TAREAS!$H$8,CALENDARIO!$C$23=1),"P",""),IF(ISNUMBER(SEARCH(TEXT(S$7,"yyyy-mm-dd"),TAREAS!$J$8)),IF(TAREAS!$I$8="Registro Git","R",IF(TAREAS!$I$8="Despliegue documentado","D","L")),"")) | T9: =IF(TAREAS!$I$8="Propuesta",IF(AND(T$7>=TAREAS!$G$8,T$7<=TAREAS!$H$8,CALENDARIO!$C$24=1),"P",""),IF(ISNUMBER(SEARCH(TEXT(T$7,"yyyy-mm-dd"),TAREAS!$J$8)),IF(TAREAS!$I$8="Registro Git","R",IF(TAREAS!$I$8="Despliegue documentado","D","L")),"")) | U9: =IF(TAREAS!$I$8="Propuesta",IF(AND(U$7>=TAREAS!$G$8,U$7<=TAREAS!$H$8,CALENDARIO!$C$25=1),"P",""),IF(ISNUMBER(SEARCH(TEXT(U$7,"yyyy-mm-dd"),TAREAS!$J$8)),IF(TAREAS!$I$8="Registro Git","R",IF(TAREAS!$I$8="Despliegue documentado","D","L")),"")) | V9: =IF(TAREAS!$I$8="Propuesta",IF(AND(V$7>=TAREAS!$G$8,V$7<=TAREAS!$H$8,CALENDARIO!$C$26=1),"P",""),IF(ISNUMBER(SEARCH(TEXT(V$7,"yyyy-mm-dd"),TAREAS!$J$8)),IF(TAREAS!$I$8="Registro Git","R",IF(TAREAS!$I$8="Despliegue documentado","D","L")),"")) | W9: =IF(TAREAS!$I$8="Propuesta",IF(AND(W$7>=TAREAS!$G$8,W$7<=TAREAS!$H$8,CALENDARIO!$C$27=1),"P",""),IF(ISNUMBER(SEARCH(TEXT(W$7,"yyyy-mm-dd"),TAREAS!$J$8)),IF(TAREAS!$I$8="Registro Git","R",IF(TAREAS!$I$8="Despliegue documentado","D","L")),"")) | X9: =IF(TAREAS!$I$8="Propuesta",IF(AND(X$7>=TAREAS!$G$8,X$7<=TAREAS!$H$8,CALENDARIO!$C$28=1),"P",""),IF(ISNUMBER(SEARCH(TEXT(X$7,"yyyy-mm-dd"),TAREAS!$J$8)),IF(TAREAS!$I$8="Registro Git","R",IF(TAREAS!$I$8="Despliegue documentado","D","L")),"")) | Y9: =IF(TAREAS!$I$8="Propuesta",IF(AND(Y$7>=TAREAS!$G$8,Y$7<=TAREAS!$H$8,CALENDARIO!$C$29=1),"P",""),IF(ISNUMBER(SEARCH(TEXT(Y$7,"yyyy-mm-dd"),TAREAS!$J$8)),IF(TAREAS!$I$8="Registro Git","R",IF(TAREAS!$I$8="Despliegue documentado","D","L")),"")) | Z9: =IF(TAREAS!$I$8="Propuesta",IF(AND(Z$7>=TAREAS!$G$8,Z$7<=TAREAS!$H$8,CALENDARIO!$C$30=1),"P",""),IF(ISNUMBER(SEARCH(TEXT(Z$7,"yyyy-mm-dd"),TAREAS!$J$8)),IF(TAREAS!$I$8="Registro Git","R",IF(TAREAS!$I$8="Despliegue documentado","D","L")),"")) | AA9: =IF(TAREAS!$I$8="Propuesta",IF(AND(AA$7>=TAREAS!$G$8,AA$7<=TAREAS!$H$8,CALENDARIO!$C$31=1),"P",""),IF(ISNUMBER(SEARCH(TEXT(AA$7,"yyyy-mm-dd"),TAREAS!$J$8)),IF(TAREAS!$I$8="Registro Git","R",IF(TAREAS!$I$8="Despliegue documentado","D","L")),"")) | AB9: =IF(TAREAS!$I$8="Propuesta",IF(AND(AB$7>=TAREAS!$G$8,AB$7<=TAREAS!$H$8,CALENDARIO!$C$32=1),"P",""),IF(ISNUMBER(SEARCH(TEXT(AB$7,"yyyy-mm-dd"),TAREAS!$J$8)),IF(TAREAS!$I$8="Registro Git","R",IF(TAREAS!$I$8="Despliegue documentado","D","L")),"")) | AC9: =IF(TAREAS!$I$8="Propuesta",IF(AND(AC$7>=TAREAS!$G$8,AC$7<=TAREAS!$H$8,CALENDARIO!$C$33=1),"P",""),IF(ISNUMBER(SEARCH(TEXT(AC$7,"yyyy-mm-dd"),TAREAS!$J$8)),IF(TAREAS!$I$8="Registro Git","R",IF(TAREAS!$I$8="Despliegue documentado","D","L")),"")) | AD9: =IF(TAREAS!$I$8="Propuesta",IF(AND(AD$7>=TAREAS!$G$8,AD$7<=TAREAS!$H$8,CALENDARIO!$C$34=1),"P",""),IF(ISNUMBER(SEARCH(TEXT(AD$7,"yyyy-mm-dd"),TAREAS!$J$8)),IF(TAREAS!$I$8="Registro Git","R",IF(TAREAS!$I$8="Despliegue documentado","D","L")),"")) | AE9: =IF(TAREAS!$I$8="Propuesta",IF(AND(AE$7>=TAREAS!$G$8,AE$7<=TAREAS!$H$8,CALENDARIO!$C$35=1),"P",""),IF(ISNUMBER(SEARCH(TEXT(AE$7,"yyyy-mm-dd"),TAREAS!$J$8)),IF(TAREAS!$I$8="Registro Git","R",IF(TAREAS!$I$8="Despliegue documentado","D","L")),"")) | AF9: =IF(TAREAS!$I$8="Propuesta",IF(AND(AF$7>=TAREAS!$G$8,AF$7<=TAREAS!$H$8,CALENDARIO!$C$36=1),"P",""),IF(ISNUMBER(SEARCH(TEXT(AF$7,"yyyy-mm-dd"),TAREAS!$J$8)),IF(TAREAS!$I$8="Registro Git","R",IF(TAREAS!$I$8="Despliegue documentado","D","L")),"")) | AG9: =IF(TAREAS!$I$8="Propuesta",IF(AND(AG$7>=TAREAS!$G$8,AG$7<=TAREAS!$H$8,CALENDARIO!$C$37=1),"P",""),IF(ISNUMBER(SEARCH(TEXT(AG$7,"yyyy-mm-dd"),TAREAS!$J$8)),IF(TAREAS!$I$8="Registro Git","R",IF(TAREAS!$I$8="Despliegue documentado","D","L")),"")) | AH9: =IF(TAREAS!$I$8="Propuesta",IF(AND(AH$7>=TAREAS!$G$8,AH$7<=TAREAS!$H$8,CALENDARIO!$C$38=1),"P",""),IF(ISNUMBER(SEARCH(TEXT(AH$7,"yyyy-mm-dd"),TAREAS!$J$8)),IF(TAREAS!$I$8="Registro Git","R",IF(TAREAS!$I$8="Despliegue documentado","D","L")),""))
A10: =TAREAS!C9 -> HU-G01 · Como colaborador, quiero acceder al portal y consultar mi asistencia. | B10: =TAREAS!A9&" · "&TAREAS!D9 -> T-005 · Acceso móvil y experiencia del panel administrativo | C10: =TAREAS!F9 -> jhony-abz, yeiserDev | D10: =COUNTIF(E10:AH10,"R")+COUNTIF(E10:AH10,"D")+COUNTIF(E10:AH10,"L")+COUNTIF(E10:AH10,"P") -> 2 | E10: =IF(TAREAS!$I$9="Propuesta",IF(AND(E$7>=TAREAS!$G$9,E$7<=TAREAS!$H$9,CALENDARIO!$C$9=1),"P",""),IF(ISNUMBER(SEARCH(TEXT(E$7,"yyyy-mm-dd"),TAREAS!$J$9)),IF(TAREAS!$I$9="Registro Git","R",IF(TAREAS!$I$9="Despliegue documentado","D","L")),"")) -> R | F10: =IF(TAREAS!$I$9="Propuesta",IF(AND(F$7>=TAREAS!$G$9,F$7<=TAREAS!$H$9,CALENDARIO!$C$10=1),"P",""),IF(ISNUMBER(SEARCH(TEXT(F$7,"yyyy-mm-dd"),TAREAS!$J$9)),IF(TAREAS!$I$9="Registro Git","R",IF(TAREAS!$I$9="Despliegue documentado","D","L")),"")) -> R | G10: =IF(TAREAS!$I$9="Propuesta",IF(AND(G$7>=TAREAS!$G$9,G$7<=TAREAS!$H$9,CALENDARIO!$C$11=1),"P",""),IF(ISNUMBER(SEARCH(TEXT(G$7,"yyyy-mm-dd"),TAREAS!$J$9)),IF(TAREAS!$I$9="Registro Git","R",IF(TAREAS!$I$9="Despliegue documentado","D","L")),"")) | H10: =IF(TAREAS!$I$9="Propuesta",IF(AND(H$7>=TAREAS!$G$9,H$7<=TAREAS!$H$9,CALENDARIO!$C$12=1),"P",""),IF(ISNUMBER(SEARCH(TEXT(H$7,"yyyy-mm-dd"),TAREAS!$J$9)),IF(TAREAS!$I$9="Registro Git","R",IF(TAREAS!$I$9="Despliegue documentado","D","L")),"")) | I10: =IF(TAREAS!$I$9="Propuesta",IF(AND(I$7>=TAREAS!$G$9,I$7<=TAREAS!$H$9,CALENDARIO!$C$13=1),"P",""),IF(ISNUMBER(SEARCH(TEXT(I$7,"yyyy-mm-dd"),TAREAS!$J$9)),IF(TAREAS!$I$9="Registro Git","R",IF(TAREAS!$I$9="Despliegue documentado","D","L")),"")) | J10: =IF(TAREAS!$I$9="Propuesta",IF(AND(J$7>=TAREAS!$G$9,J$7<=TAREAS!$H$9,CALENDARIO!$C$14=1),"P",""),IF(ISNUMBER(SEARCH(TEXT(J$7,"yyyy-mm-dd"),TAREAS!$J$9)),IF(TAREAS!$I$9="Registro Git","R",IF(TAREAS!$I$9="Despliegue documentado","D","L")),"")) | K10: =IF(TAREAS!$I$9="Propuesta",IF(AND(K$7>=TAREAS!$G$9,K$7<=TAREAS!$H$9,CALENDARIO!$C$15=1),"P",""),IF(ISNUMBER(SEARCH(TEXT(K$7,"yyyy-mm-dd"),TAREAS!$J$9)),IF(TAREAS!$I$9="Registro Git","R",IF(TAREAS!$I$9="Despliegue documentado","D","L")),"")) | L10: =IF(TAREAS!$I$9="Propuesta",IF(AND(L$7>=TAREAS!$G$9,L$7<=TAREAS!$H$9,CALENDARIO!$C$16=1),"P",""),IF(ISNUMBER(SEARCH(TEXT(L$7,"yyyy-mm-dd"),TAREAS!$J$9)),IF(TAREAS!$I$9="Registro Git","R",IF(TAREAS!$I$9="Despliegue documentado","D","L")),"")) | M10: =IF(TAREAS!$I$9="Propuesta",IF(AND(M$7>=TAREAS!$G$9,M$7<=TAREAS!$H$9,CALENDARIO!$C$17=1),"P",""),IF(ISNUMBER(SEARCH(TEXT(M$7,"yyyy-mm-dd"),TAREAS!$J$9)),IF(TAREAS!$I$9="Registro Git","R",IF(TAREAS!$I$9="Despliegue documentado","D","L")),"")) | N10: =IF(TAREAS!$I$9="Propuesta",IF(AND(N$7>=TAREAS!$G$9,N$7<=TAREAS!$H$9,CALENDARIO!$C$18=1),"P",""),IF(ISNUMBER(SEARCH(TEXT(N$7,"yyyy-mm-dd"),TAREAS!$J$9)),IF(TAREAS!$I$9="Registro Git","R",IF(TAREAS!$I$9="Despliegue documentado","D","L")),"")) | O10: =IF(TAREAS!$I$9="Propuesta",IF(AND(O$7>=TAREAS!$G$9,O$7<=TAREAS!$H$9,CALENDARIO!$C$19=1),"P",""),IF(ISNUMBER(SEARCH(TEXT(O$7,"yyyy-mm-dd"),TAREAS!$J$9)),IF(TAREAS!$I$9="Registro Git","R",IF(TAREAS!$I$9="Despliegue documentado","D","L")),"")) | P10: =IF(TAREAS!$I$9="Propuesta",IF(AND(P$7>=TAREAS!$G$9,P$7<=TAREAS!$H$9,CALENDARIO!$C$20=1),"P",""),IF(ISNUMBER(SEARCH(TEXT(P$7,"yyyy-mm-dd"),TAREAS!$J$9)),IF(TAREAS!$I$9="Registro Git","R",IF(TAREAS!$I$9="Despliegue documentado","D","L")),"")) | Q10: =IF(TAREAS!$I$9="Propuesta",IF(AND(Q$7>=TAREAS!$G$9,Q$7<=TAREAS!$H$9,CALENDARIO!$C$21=1),"P",""),IF(ISNUMBER(SEARCH(TEXT(Q$7,"yyyy-mm-dd"),TAREAS!$J$9)),IF(TAREAS!$I$9="Registro Git","R",IF(TAREAS!$I$9="Despliegue documentado","D","L")),"")) | R10: =IF(TAREAS!$I$9="Propuesta",IF(AND(R$7>=TAREAS!$G$9,R$7<=TAREAS!$H$9,CALENDARIO!$C$22=1),"P",""),IF(ISNUMBER(SEARCH(TEXT(R$7,"yyyy-mm-dd"),TAREAS!$J$9)),IF(TAREAS!$I$9="Registro Git","R",IF(TAREAS!$I$9="Despliegue documentado","D","L")),"")) | S10: =IF(TAREAS!$I$9="Propuesta",IF(AND(S$7>=TAREAS!$G$9,S$7<=TAREAS!$H$9,CALENDARIO!$C$23=1),"P",""),IF(ISNUMBER(SEARCH(TEXT(S$7,"yyyy-mm-dd"),TAREAS!$J$9)),IF(TAREAS!$I$9="Registro Git","R",IF(TAREAS!$I$9="Despliegue documentado","D","L")),"")) | T10: =IF(TAREAS!$I$9="Propuesta",IF(AND(T$7>=TAREAS!$G$9,T$7<=TAREAS!$H$9,CALENDARIO!$C$24=1),"P",""),IF(ISNUMBER(SEARCH(TEXT(T$7,"yyyy-mm-dd"),TAREAS!$J$9)),IF(TAREAS!$I$9="Registro Git","R",IF(TAREAS!$I$9="Despliegue documentado","D","L")),"")) | U10: =IF(TAREAS!$I$9="Propuesta",IF(AND(U$7>=TAREAS!$G$9,U$7<=TAREAS!$H$9,CALENDARIO!$C$25=1),"P",""),IF(ISNUMBER(SEARCH(TEXT(U$7,"yyyy-mm-dd"),TAREAS!$J$9)),IF(TAREAS!$I$9="Registro Git","R",IF(TAREAS!$I$9="Despliegue documentado","D","L")),"")) | V10: =IF(TAREAS!$I$9="Propuesta",IF(AND(V$7>=TAREAS!$G$9,V$7<=TAREAS!$H$9,CALENDARIO!$C$26=1),"P",""),IF(ISNUMBER(SEARCH(TEXT(V$7,"yyyy-mm-dd"),TAREAS!$J$9)),IF(TAREAS!$I$9="Registro Git","R",IF(TAREAS!$I$9="Despliegue documentado","D","L")),"")) | W10: =IF(TAREAS!$I$9="Propuesta",IF(AND(W$7>=TAREAS!$G$9,W$7<=TAREAS!$H$9,CALENDARIO!$C$27=1),"P",""),IF(ISNUMBER(SEARCH(TEXT(W$7,"yyyy-mm-dd"),TAREAS!$J$9)),IF(TAREAS!$I$9="Registro Git","R",IF(TAREAS!$I$9="Despliegue documentado","D","L")),"")) | X10: =IF(TAREAS!$I$9="Propuesta",IF(AND(X$7>=TAREAS!$G$9,X$7<=TAREAS!$H$9,CALENDARIO!$C$28=1),"P",""),IF(ISNUMBER(SEARCH(TEXT(X$7,"yyyy-mm-dd"),TAREAS!$J$9)),IF(TAREAS!$I$9="Registro Git","R",IF(TAREAS!$I$9="Despliegue documentado","D","L")),"")) | Y10: =IF(TAREAS!$I$9="Propuesta",IF(AND(Y$7>=TAREAS!$G$9,Y$7<=TAREAS!$H$9,CALENDARIO!$C$29=1),"P",""),IF(ISNUMBER(SEARCH(TEXT(Y$7,"yyyy-mm-dd"),TAREAS!$J$9)),IF(TAREAS!$I$9="Registro Git","R",IF(TAREAS!$I$9="Despliegue documentado","D","L")),"")) | Z10: =IF(TAREAS!$I$9="Propuesta",IF(AND(Z$7>=TAREAS!$G$9,Z$7<=TAREAS!$H$9,CALENDARIO!$C$30=1),"P",""),IF(ISNUMBER(SEARCH(TEXT(Z$7,"yyyy-mm-dd"),TAREAS!$J$9)),IF(TAREAS!$I$9="Registro Git","R",IF(TAREAS!$I$9="Despliegue documentado","D","L")),"")) | AA10: =IF(TAREAS!$I$9="Propuesta",IF(AND(AA$7>=TAREAS!$G$9,AA$7<=TAREAS!$H$9,CALENDARIO!$C$31=1),"P",""),IF(ISNUMBER(SEARCH(TEXT(AA$7,"yyyy-mm-dd"),TAREAS!$J$9)),IF(TAREAS!$I$9="Registro Git","R",IF(TAREAS!$I$9="Despliegue documentado","D","L")),"")) | AB10: =IF(TAREAS!$I$9="Propuesta",IF(AND(AB$7>=TAREAS!$G$9,AB$7<=TAREAS!$H$9,CALENDARIO!$C$32=1),"P",""),IF(ISNUMBER(SEARCH(TEXT(AB$7,"yyyy-mm-dd"),TAREAS!$J$9)),IF(TAREAS!$I$9="Registro Git","R",IF(TAREAS!$I$9="Despliegue documentado","D","L")),"")) | AC10: =IF(TAREAS!$I$9="Propuesta",IF(AND(AC$7>=TAREAS!$G$9,AC$7<=TAREAS!$H$9,CALENDARIO!$C$33=1),"P",""),IF(ISNUMBER(SEARCH(TEXT(AC$7,"yyyy-mm-dd"),TAREAS!$J$9)),IF(TAREAS!$I$9="Registro Git","R",IF(TAREAS!$I$9="Despliegue documentado","D","L")),"")) | AD10: =IF(TAREAS!$I$9="Propuesta",IF(AND(AD$7>=TAREAS!$G$9,AD$7<=TAREAS!$H$9,CALENDARIO!$C$34=1),"P",""),IF(ISNUMBER(SEARCH(TEXT(AD$7,"yyyy-mm-dd"),TAREAS!$J$9)),IF(TAREAS!$I$9="Registro Git","R",IF(TAREAS!$I$9="Despliegue documentado","D","L")),"")) | AE10: =IF(TAREAS!$I$9="Propuesta",IF(AND(AE$7>=TAREAS!$G$9,AE$7<=TAREAS!$H$9,CALENDARIO!$C$35=1),"P",""),IF(ISNUMBER(SEARCH(TEXT(AE$7,"yyyy-mm-dd"),TAREAS!$J$9)),IF(TAREAS!$I$9="Registro Git","R",IF(TAREAS!$I$9="Despliegue documentado","D","L")),"")) | AF10: =IF(TAREAS!$I$9="Propuesta",IF(AND(AF$7>=TAREAS!$G$9,AF$7<=TAREAS!$H$9,CALENDARIO!$C$36=1),"P",""),IF(ISNUMBER(SEARCH(TEXT(AF$7,"yyyy-mm-dd"),TAREAS!$J$9)),IF(TAREAS!$I$9="Registro Git","R",IF(TAREAS!$I$9="Despliegue documentado","D","L")),"")) | AG10: =IF(TAREAS!$I$9="Propuesta",IF(AND(AG$7>=TAREAS!$G$9,AG$7<=TAREAS!$H$9,CALENDARIO!$C$37=1),"P",""),IF(ISNUMBER(SEARCH(TEXT(AG$7,"yyyy-mm-dd"),TAREAS!$J$9)),IF(TAREAS!$I$9="Registro Git","R",IF(TAREAS!$I$9="Despliegue documentado","D","L")),"")) | AH10: =IF(TAREAS!$I$9="Propuesta",IF(AND(AH$7>=TAREAS!$G$9,AH$7<=TAREAS!$H$9,CALENDARIO!$C$38=1),"P",""),IF(ISNUMBER(SEARCH(TEXT(AH$7,"yyyy-mm-dd"),TAREAS!$J$9)),IF(TAREAS!$I$9="Registro Git","R",IF(TAREAS!$I$9="Despliegue documentado","D","L")),""))
A11: =TAREAS!C10 -> HU-G03 · Como colaborador, quiero gestionar mi perfil y mis solicitudes. | B11: =TAREAS!A10&" · "&TAREAS!D10 -> T-006 · Solicitudes personales, fotos y días libres | C11: =TAREAS!F10 -> yeiserDev | D11: =COUNTIF(E11:AH11,"R")+COUNTIF(E11:AH11,"D")+COUNTIF(E11:AH11,"L")+COUNTIF(E11:AH11,"P") -> 1 | E11: =IF(TAREAS!$I$10="Propuesta",IF(AND(E$7>=TAREAS!$G$10,E$7<=TAREAS!$H$10,CALENDARIO!$C$9=1),"P",""),IF(ISNUMBER(SEARCH(TEXT(E$7,"yyyy-mm-dd"),TAREAS!$J$10)),IF(TAREAS!$I$10="Registro Git","R",IF(TAREAS!$I$10="Despliegue documentado","D","L")),"")) | F11: =IF(TAREAS!$I$10="Propuesta",IF(AND(F$7>=TAREAS!$G$10,F$7<=TAREAS!$H$10,CALENDARIO!$C$10=1),"P",""),IF(ISNUMBER(SEARCH(TEXT(F$7,"yyyy-mm-dd"),TAREAS!$J$10)),IF(TAREAS!$I$10="Registro Git","R",IF(TAREAS!$I$10="Despliegue documentado","D","L")),"")) | G11: =IF(TAREAS!$I$10="Propuesta",IF(AND(G$7>=TAREAS!$G$10,G$7<=TAREAS!$H$10,CALENDARIO!$C$11=1),"P",""),IF(ISNUMBER(SEARCH(TEXT(G$7,"yyyy-mm-dd"),TAREAS!$J$10)),IF(TAREAS!$I$10="Registro Git","R",IF(TAREAS!$I$10="Despliegue documentado","D","L")),"")) -> R | H11: =IF(TAREAS!$I$10="Propuesta",IF(AND(H$7>=TAREAS!$G$10,H$7<=TAREAS!$H$10,CALENDARIO!$C$12=1),"P",""),IF(ISNUMBER(SEARCH(TEXT(H$7,"yyyy-mm-dd"),TAREAS!$J$10)),IF(TAREAS!$I$10="Registro Git","R",IF(TAREAS!$I$10="Despliegue documentado","D","L")),"")) | I11: =IF(TAREAS!$I$10="Propuesta",IF(AND(I$7>=TAREAS!$G$10,I$7<=TAREAS!$H$10,CALENDARIO!$C$13=1),"P",""),IF(ISNUMBER(SEARCH(TEXT(I$7,"yyyy-mm-dd"),TAREAS!$J$10)),IF(TAREAS!$I$10="Registro Git","R",IF(TAREAS!$I$10="Despliegue documentado","D","L")),"")) | J11: =IF(TAREAS!$I$10="Propuesta",IF(AND(J$7>=TAREAS!$G$10,J$7<=TAREAS!$H$10,CALENDARIO!$C$14=1),"P",""),IF(ISNUMBER(SEARCH(TEXT(J$7,"yyyy-mm-dd"),TAREAS!$J$10)),IF(TAREAS!$I$10="Registro Git","R",IF(TAREAS!$I$10="Despliegue documentado","D","L")),"")) | K11: =IF(TAREAS!$I$10="Propuesta",IF(AND(K$7>=TAREAS!$G$10,K$7<=TAREAS!$H$10,CALENDARIO!$C$15=1),"P",""),IF(ISNUMBER(SEARCH(TEXT(K$7,"yyyy-mm-dd"),TAREAS!$J$10)),IF(TAREAS!$I$10="Registro Git","R",IF(TAREAS!$I$10="Despliegue documentado","D","L")),"")) | L11: =IF(TAREAS!$I$10="Propuesta",IF(AND(L$7>=TAREAS!$G$10,L$7<=TAREAS!$H$10,CALENDARIO!$C$16=1),"P",""),IF(ISNUMBER(SEARCH(TEXT(L$7,"yyyy-mm-dd"),TAREAS!$J$10)),IF(TAREAS!$I$10="Registro Git","R",IF(TAREAS!$I$10="Despliegue documentado","D","L")),"")) | M11: =IF(TAREAS!$I$10="Propuesta",IF(AND(M$7>=TAREAS!$G$10,M$7<=TAREAS!$H$10,CALENDARIO!$C$17=1),"P",""),IF(ISNUMBER(SEARCH(TEXT(M$7,"yyyy-mm-dd"),TAREAS!$J$10)),IF(TAREAS!$I$10="Registro Git","R",IF(TAREAS!$I$10="Despliegue documentado","D","L")),"")) | N11: =IF(TAREAS!$I$10="Propuesta",IF(AND(N$7>=TAREAS!$G$10,N$7<=TAREAS!$H$10,CALENDARIO!$C$18=1),"P",""),IF(ISNUMBER(SEARCH(TEXT(N$7,"yyyy-mm-dd"),TAREAS!$J$10)),IF(TAREAS!$I$10="Registro Git","R",IF(TAREAS!$I$10="Despliegue documentado","D","L")),"")) | O11: =IF(TAREAS!$I$10="Propuesta",IF(AND(O$7>=TAREAS!$G$10,O$7<=TAREAS!$H$10,CALENDARIO!$C$19=1),"P",""),IF(ISNUMBER(SEARCH(TEXT(O$7,"yyyy-mm-dd"),TAREAS!$J$10)),IF(TAREAS!$I$10="Registro Git","R",IF(TAREAS!$I$10="Despliegue documentado","D","L")),"")) | P11: =IF(TAREAS!$I$10="Propuesta",IF(AND(P$7>=TAREAS!$G$10,P$7<=TAREAS!$H$10,CALENDARIO!$C$20=1),"P",""),IF(ISNUMBER(SEARCH(TEXT(P$7,"yyyy-mm-dd"),TAREAS!$J$10)),IF(TAREAS!$I$10="Registro Git","R",IF(TAREAS!$I$10="Despliegue documentado","D","L")),"")) | Q11: =IF(TAREAS!$I$10="Propuesta",IF(AND(Q$7>=TAREAS!$G$10,Q$7<=TAREAS!$H$10,CALENDARIO!$C$21=1),"P",""),IF(ISNUMBER(SEARCH(TEXT(Q$7,"yyyy-mm-dd"),TAREAS!$J$10)),IF(TAREAS!$I$10="Registro Git","R",IF(TAREAS!$I$10="Despliegue documentado","D","L")),"")) | R11: =IF(TAREAS!$I$10="Propuesta",IF(AND(R$7>=TAREAS!$G$10,R$7<=TAREAS!$H$10,CALENDARIO!$C$22=1),"P",""),IF(ISNUMBER(SEARCH(TEXT(R$7,"yyyy-mm-dd"),TAREAS!$J$10)),IF(TAREAS!$I$10="Registro Git","R",IF(TAREAS!$I$10="Despliegue documentado","D","L")),"")) | S11: =IF(TAREAS!$I$10="Propuesta",IF(AND(S$7>=TAREAS!$G$10,S$7<=TAREAS!$H$10,CALENDARIO!$C$23=1),"P",""),IF(ISNUMBER(SEARCH(TEXT(S$7,"yyyy-mm-dd"),TAREAS!$J$10)),IF(TAREAS!$I$10="Registro Git","R",IF(TAREAS!$I$10="Despliegue documentado","D","L")),"")) | T11: =IF(TAREAS!$I$10="Propuesta",IF(AND(T$7>=TAREAS!$G$10,T$7<=TAREAS!$H$10,CALENDARIO!$C$24=1),"P",""),IF(ISNUMBER(SEARCH(TEXT(T$7,"yyyy-mm-dd"),TAREAS!$J$10)),IF(TAREAS!$I$10="Registro Git","R",IF(TAREAS!$I$10="Despliegue documentado","D","L")),"")) | U11: =IF(TAREAS!$I$10="Propuesta",IF(AND(U$7>=TAREAS!$G$10,U$7<=TAREAS!$H$10,CALENDARIO!$C$25=1),"P",""),IF(ISNUMBER(SEARCH(TEXT(U$7,"yyyy-mm-dd"),TAREAS!$J$10)),IF(TAREAS!$I$10="Registro Git","R",IF(TAREAS!$I$10="Despliegue documentado","D","L")),"")) | V11: =IF(TAREAS!$I$10="Propuesta",IF(AND(V$7>=TAREAS!$G$10,V$7<=TAREAS!$H$10,CALENDARIO!$C$26=1),"P",""),IF(ISNUMBER(SEARCH(TEXT(V$7,"yyyy-mm-dd"),TAREAS!$J$10)),IF(TAREAS!$I$10="Registro Git","R",IF(TAREAS!$I$10="Despliegue documentado","D","L")),"")) | W11: =IF(TAREAS!$I$10="Propuesta",IF(AND(W$7>=TAREAS!$G$10,W$7<=TAREAS!$H$10,CALENDARIO!$C$27=1),"P",""),IF(ISNUMBER(SEARCH(TEXT(W$7,"yyyy-mm-dd"),TAREAS!$J$10)),IF(TAREAS!$I$10="Registro Git","R",IF(TAREAS!$I$10="Despliegue documentado","D","L")),"")) | X11: =IF(TAREAS!$I$10="Propuesta",IF(AND(X$7>=TAREAS!$G$10,X$7<=TAREAS!$H$10,CALENDARIO!$C$28=1),"P",""),IF(ISNUMBER(SEARCH(TEXT(X$7,"yyyy-mm-dd"),TAREAS!$J$10)),IF(TAREAS!$I$10="Registro Git","R",IF(TAREAS!$I$10="Despliegue documentado","D","L")),"")) | Y11: =IF(TAREAS!$I$10="Propuesta",IF(AND(Y$7>=TAREAS!$G$10,Y$7<=TAREAS!$H$10,CALENDARIO!$C$29=1),"P",""),IF(ISNUMBER(SEARCH(TEXT(Y$7,"yyyy-mm-dd"),TAREAS!$J$10)),IF(TAREAS!$I$10="Registro Git","R",IF(TAREAS!$I$10="Despliegue documentado","D","L")),"")) | Z11: =IF(TAREAS!$I$10="Propuesta",IF(AND(Z$7>=TAREAS!$G$10,Z$7<=TAREAS!$H$10,CALENDARIO!$C$30=1),"P",""),IF(ISNUMBER(SEARCH(TEXT(Z$7,"yyyy-mm-dd"),TAREAS!$J$10)),IF(TAREAS!$I$10="Registro Git","R",IF(TAREAS!$I$10="Despliegue documentado","D","L")),"")) | AA11: =IF(TAREAS!$I$10="Propuesta",IF(AND(AA$7>=TAREAS!$G$10,AA$7<=TAREAS!$H$10,CALENDARIO!$C$31=1),"P",""),IF(ISNUMBER(SEARCH(TEXT(AA$7,"yyyy-mm-dd"),TAREAS!$J$10)),IF(TAREAS!$I$10="Registro Git","R",IF(TAREAS!$I$10="Despliegue documentado","D","L")),"")) | AB11: =IF(TAREAS!$I$10="Propuesta",IF(AND(AB$7>=TAREAS!$G$10,AB$7<=TAREAS!$H$10,CALENDARIO!$C$32=1),"P",""),IF(ISNUMBER(SEARCH(TEXT(AB$7,"yyyy-mm-dd"),TAREAS!$J$10)),IF(TAREAS!$I$10="Registro Git","R",IF(TAREAS!$I$10="Despliegue documentado","D","L")),"")) | AC11: =IF(TAREAS!$I$10="Propuesta",IF(AND(AC$7>=TAREAS!$G$10,AC$7<=TAREAS!$H$10,CALENDARIO!$C$33=1),"P",""),IF(ISNUMBER(SEARCH(TEXT(AC$7,"yyyy-mm-dd"),TAREAS!$J$10)),IF(TAREAS!$I$10="Registro Git","R",IF(TAREAS!$I$10="Despliegue documentado","D","L")),"")) | AD11: =IF(TAREAS!$I$10="Propuesta",IF(AND(AD$7>=TAREAS!$G$10,AD$7<=TAREAS!$H$10,CALENDARIO!$C$34=1),"P",""),IF(ISNUMBER(SEARCH(TEXT(AD$7,"yyyy-mm-dd"),TAREAS!$J$10)),IF(TAREAS!$I$10="Registro Git","R",IF(TAREAS!$I$10="Despliegue documentado","D","L")),"")) | AE11: =IF(TAREAS!$I$10="Propuesta",IF(AND(AE$7>=TAREAS!$G$10,AE$7<=TAREAS!$H$10,CALENDARIO!$C$35=1),"P",""),IF(ISNUMBER(SEARCH(TEXT(AE$7,"yyyy-mm-dd"),TAREAS!$J$10)),IF(TAREAS!$I$10="Registro Git","R",IF(TAREAS!$I$10="Despliegue documentado","D","L")),"")) | AF11: =IF(TAREAS!$I$10="Propuesta",IF(AND(AF$7>=TAREAS!$G$10,AF$7<=TAREAS!$H$10,CALENDARIO!$C$36=1),"P",""),IF(ISNUMBER(SEARCH(TEXT(AF$7,"yyyy-mm-dd"),TAREAS!$J$10)),IF(TAREAS!$I$10="Registro Git","R",IF(TAREAS!$I$10="Despliegue documentado","D","L")),"")) | AG11: =IF(TAREAS!$I$10="Propuesta",IF(AND(AG$7>=TAREAS!$G$10,AG$7<=TAREAS!$H$10,CALENDARIO!$C$37=1),"P",""),IF(ISNUMBER(SEARCH(TEXT(AG$7,"yyyy-mm-dd"),TAREAS!$J$10)),IF(TAREAS!$I$10="Registro Git","R",IF(TAREAS!$I$10="Despliegue documentado","D","L")),"")) | AH11: =IF(TAREAS!$I$10="Propuesta",IF(AND(AH$7>=TAREAS!$G$10,AH$7<=TAREAS!$H$10,CALENDARIO!$C$38=1),"P",""),IF(ISNUMBER(SEARCH(TEXT(AH$7,"yyyy-mm-dd"),TAREAS!$J$10)),IF(TAREAS!$I$10="Registro Git","R",IF(TAREAS!$I$10="Despliegue documentado","D","L")),""))
A12: =TAREAS!C11 -> HU-G04 · Como colaborador, quiero entregar evidencias y conocer el cierre de mi jornada. | B12: =TAREAS!A11&" · "&TAREAS!D11 -> T-007 · Cierre diario con evidencias y salida | C12: =TAREAS!F11 -> yeiserDev | D12: =COUNTIF(E12:AH12,"R")+COUNTIF(E12:AH12,"D")+COUNTIF(E12:AH12,"L")+COUNTIF(E12:AH12,"P") -> 1 | E12: =IF(TAREAS!$I$11="Propuesta",IF(AND(E$7>=TAREAS!$G$11,E$7<=TAREAS!$H$11,CALENDARIO!$C$9=1),"P",""),IF(ISNUMBER(SEARCH(TEXT(E$7,"yyyy-mm-dd"),TAREAS!$J$11)),IF(TAREAS!$I$11="Registro Git","R",IF(TAREAS!$I$11="Despliegue documentado","D","L")),"")) | F12: =IF(TAREAS!$I$11="Propuesta",IF(AND(F$7>=TAREAS!$G$11,F$7<=TAREAS!$H$11,CALENDARIO!$C$10=1),"P",""),IF(ISNUMBER(SEARCH(TEXT(F$7,"yyyy-mm-dd"),TAREAS!$J$11)),IF(TAREAS!$I$11="Registro Git","R",IF(TAREAS!$I$11="Despliegue documentado","D","L")),"")) | G12: =IF(TAREAS!$I$11="Propuesta",IF(AND(G$7>=TAREAS!$G$11,G$7<=TAREAS!$H$11,CALENDARIO!$C$11=1),"P",""),IF(ISNUMBER(SEARCH(TEXT(G$7,"yyyy-mm-dd"),TAREAS!$J$11)),IF(TAREAS!$I$11="Registro Git","R",IF(TAREAS!$I$11="Despliegue documentado","D","L")),"")) | H12: =IF(TAREAS!$I$11="Propuesta",IF(AND(H$7>=TAREAS!$G$11,H$7<=TAREAS!$H$11,CALENDARIO!$C$12=1),"P",""),IF(ISNUMBER(SEARCH(TEXT(H$7,"yyyy-mm-dd"),TAREAS!$J$11)),IF(TAREAS!$I$11="Registro Git","R",IF(TAREAS!$I$11="Despliegue documentado","D","L")),"")) | I12: =IF(TAREAS!$I$11="Propuesta",IF(AND(I$7>=TAREAS!$G$11,I$7<=TAREAS!$H$11,CALENDARIO!$C$13=1),"P",""),IF(ISNUMBER(SEARCH(TEXT(I$7,"yyyy-mm-dd"),TAREAS!$J$11)),IF(TAREAS!$I$11="Registro Git","R",IF(TAREAS!$I$11="Despliegue documentado","D","L")),"")) | J12: =IF(TAREAS!$I$11="Propuesta",IF(AND(J$7>=TAREAS!$G$11,J$7<=TAREAS!$H$11,CALENDARIO!$C$14=1),"P",""),IF(ISNUMBER(SEARCH(TEXT(J$7,"yyyy-mm-dd"),TAREAS!$J$11)),IF(TAREAS!$I$11="Registro Git","R",IF(TAREAS!$I$11="Despliegue documentado","D","L")),"")) | K12: =IF(TAREAS!$I$11="Propuesta",IF(AND(K$7>=TAREAS!$G$11,K$7<=TAREAS!$H$11,CALENDARIO!$C$15=1),"P",""),IF(ISNUMBER(SEARCH(TEXT(K$7,"yyyy-mm-dd"),TAREAS!$J$11)),IF(TAREAS!$I$11="Registro Git","R",IF(TAREAS!$I$11="Despliegue documentado","D","L")),"")) -> R | L12: =IF(TAREAS!$I$11="Propuesta",IF(AND(L$7>=TAREAS!$G$11,L$7<=TAREAS!$H$11,CALENDARIO!$C$16=1),"P",""),IF(ISNUMBER(SEARCH(TEXT(L$7,"yyyy-mm-dd"),TAREAS!$J$11)),IF(TAREAS!$I$11="Registro Git","R",IF(TAREAS!$I$11="Despliegue documentado","D","L")),"")) | M12: =IF(TAREAS!$I$11="Propuesta",IF(AND(M$7>=TAREAS!$G$11,M$7<=TAREAS!$H$11,CALENDARIO!$C$17=1),"P",""),IF(ISNUMBER(SEARCH(TEXT(M$7,"yyyy-mm-dd"),TAREAS!$J$11)),IF(TAREAS!$I$11="Registro Git","R",IF(TAREAS!$I$11="Despliegue documentado","D","L")),"")) | N12: =IF(TAREAS!$I$11="Propuesta",IF(AND(N$7>=TAREAS!$G$11,N$7<=TAREAS!$H$11,CALENDARIO!$C$18=1),"P",""),IF(ISNUMBER(SEARCH(TEXT(N$7,"yyyy-mm-dd"),TAREAS!$J$11)),IF(TAREAS!$I$11="Registro Git","R",IF(TAREAS!$I$11="Despliegue documentado","D","L")),"")) | O12: =IF(TAREAS!$I$11="Propuesta",IF(AND(O$7>=TAREAS!$G$11,O$7<=TAREAS!$H$11,CALENDARIO!$C$19=1),"P",""),IF(ISNUMBER(SEARCH(TEXT(O$7,"yyyy-mm-dd"),TAREAS!$J$11)),IF(TAREAS!$I$11="Registro Git","R",IF(TAREAS!$I$11="Despliegue documentado","D","L")),"")) | P12: =IF(TAREAS!$I$11="Propuesta",IF(AND(P$7>=TAREAS!$G$11,P$7<=TAREAS!$H$11,CALENDARIO!$C$20=1),"P",""),IF(ISNUMBER(SEARCH(TEXT(P$7,"yyyy-mm-dd"),TAREAS!$J$11)),IF(TAREAS!$I$11="Registro Git","R",IF(TAREAS!$I$11="Despliegue documentado","D","L")),"")) | Q12: =IF(TAREAS!$I$11="Propuesta",IF(AND(Q$7>=TAREAS!$G$11,Q$7<=TAREAS!$H$11,CALENDARIO!$C$21=1),"P",""),IF(ISNUMBER(SEARCH(TEXT(Q$7,"yyyy-mm-dd"),TAREAS!$J$11)),IF(TAREAS!$I$11="Registro Git","R",IF(TAREAS!$I$11="Despliegue documentado","D","L")),"")) | R12: =IF(TAREAS!$I$11="Propuesta",IF(AND(R$7>=TAREAS!$G$11,R$7<=TAREAS!$H$11,CALENDARIO!$C$22=1),"P",""),IF(ISNUMBER(SEARCH(TEXT(R$7,"yyyy-mm-dd"),TAREAS!$J$11)),IF(TAREAS!$I$11="Registro Git","R",IF(TAREAS!$I$11="Despliegue documentado","D","L")),"")) | S12: =IF(TAREAS!$I$11="Propuesta",IF(AND(S$7>=TAREAS!$G$11,S$7<=TAREAS!$H$11,CALENDARIO!$C$23=1),"P",""),IF(ISNUMBER(SEARCH(TEXT(S$7,"yyyy-mm-dd"),TAREAS!$J$11)),IF(TAREAS!$I$11="Registro Git","R",IF(TAREAS!$I$11="Despliegue documentado","D","L")),"")) | T12: =IF(TAREAS!$I$11="Propuesta",IF(AND(T$7>=TAREAS!$G$11,T$7<=TAREAS!$H$11,CALENDARIO!$C$24=1),"P",""),IF(ISNUMBER(SEARCH(TEXT(T$7,"yyyy-mm-dd"),TAREAS!$J$11)),IF(TAREAS!$I$11="Registro Git","R",IF(TAREAS!$I$11="Despliegue documentado","D","L")),"")) | U12: =IF(TAREAS!$I$11="Propuesta",IF(AND(U$7>=TAREAS!$G$11,U$7<=TAREAS!$H$11,CALENDARIO!$C$25=1),"P",""),IF(ISNUMBER(SEARCH(TEXT(U$7,"yyyy-mm-dd"),TAREAS!$J$11)),IF(TAREAS!$I$11="Registro Git","R",IF(TAREAS!$I$11="Despliegue documentado","D","L")),"")) | V12: =IF(TAREAS!$I$11="Propuesta",IF(AND(V$7>=TAREAS!$G$11,V$7<=TAREAS!$H$11,CALENDARIO!$C$26=1),"P",""),IF(ISNUMBER(SEARCH(TEXT(V$7,"yyyy-mm-dd"),TAREAS!$J$11)),IF(TAREAS!$I$11="Registro Git","R",IF(TAREAS!$I$11="Despliegue documentado","D","L")),"")) | W12: =IF(TAREAS!$I$11="Propuesta",IF(AND(W$7>=TAREAS!$G$11,W$7<=TAREAS!$H$11,CALENDARIO!$C$27=1),"P",""),IF(ISNUMBER(SEARCH(TEXT(W$7,"yyyy-mm-dd"),TAREAS!$J$11)),IF(TAREAS!$I$11="Registro Git","R",IF(TAREAS!$I$11="Despliegue documentado","D","L")),"")) | X12: =IF(TAREAS!$I$11="Propuesta",IF(AND(X$7>=TAREAS!$G$11,X$7<=TAREAS!$H$11,CALENDARIO!$C$28=1),"P",""),IF(ISNUMBER(SEARCH(TEXT(X$7,"yyyy-mm-dd"),TAREAS!$J$11)),IF(TAREAS!$I$11="Registro Git","R",IF(TAREAS!$I$11="Despliegue documentado","D","L")),"")) | Y12: =IF(TAREAS!$I$11="Propuesta",IF(AND(Y$7>=TAREAS!$G$11,Y$7<=TAREAS!$H$11,CALENDARIO!$C$29=1),"P",""),IF(ISNUMBER(SEARCH(TEXT(Y$7,"yyyy-mm-dd"),TAREAS!$J$11)),IF(TAREAS!$I$11="Registro Git","R",IF(TAREAS!$I$11="Despliegue documentado","D","L")),"")) | Z12: =IF(TAREAS!$I$11="Propuesta",IF(AND(Z$7>=TAREAS!$G$11,Z$7<=TAREAS!$H$11,CALENDARIO!$C$30=1),"P",""),IF(ISNUMBER(SEARCH(TEXT(Z$7,"yyyy-mm-dd"),TAREAS!$J$11)),IF(TAREAS!$I$11="Registro Git","R",IF(TAREAS!$I$11="Despliegue documentado","D","L")),"")) | AA12: =IF(TAREAS!$I$11="Propuesta",IF(AND(AA$7>=TAREAS!$G$11,AA$7<=TAREAS!$H$11,CALENDARIO!$C$31=1),"P",""),IF(ISNUMBER(SEARCH(TEXT(AA$7,"yyyy-mm-dd"),TAREAS!$J$11)),IF(TAREAS!$I$11="Registro Git","R",IF(TAREAS!$I$11="Despliegue documentado","D","L")),"")) | AB12: =IF(TAREAS!$I$11="Propuesta",IF(AND(AB$7>=TAREAS!$G$11,AB$7<=TAREAS!$H$11,CALENDARIO!$C$32=1),"P",""),IF(ISNUMBER(SEARCH(TEXT(AB$7,"yyyy-mm-dd"),TAREAS!$J$11)),IF(TAREAS!$I$11="Registro Git","R",IF(TAREAS!$I$11="Despliegue documentado","D","L")),"")) | AC12: =IF(TAREAS!$I$11="Propuesta",IF(AND(AC$7>=TAREAS!$G$11,AC$7<=TAREAS!$H$11,CALENDARIO!$C$33=1),"P",""),IF(ISNUMBER(SEARCH(TEXT(AC$7,"yyyy-mm-dd"),TAREAS!$J$11)),IF(TAREAS!$I$11="Registro Git","R",IF(TAREAS!$I$11="Despliegue documentado","D","L")),"")) | AD12: =IF(TAREAS!$I$11="Propuesta",IF(AND(AD$7>=TAREAS!$G$11,AD$7<=TAREAS!$H$11,CALENDARIO!$C$34=1),"P",""),IF(ISNUMBER(SEARCH(TEXT(AD$7,"yyyy-mm-dd"),TAREAS!$J$11)),IF(TAREAS!$I$11="Registro Git","R",IF(TAREAS!$I$11="Despliegue documentado","D","L")),"")) | AE12: =IF(TAREAS!$I$11="Propuesta",IF(AND(AE$7>=TAREAS!$G$11,AE$7<=TAREAS!$H$11,CALENDARIO!$C$35=1),"P",""),IF(ISNUMBER(SEARCH(TEXT(AE$7,"yyyy-mm-dd"),TAREAS!$J$11)),IF(TAREAS!$I$11="Registro Git","R",IF(TAREAS!$I$11="Despliegue documentado","D","L")),"")) | AF12: =IF(TAREAS!$I$11="Propuesta",IF(AND(AF$7>=TAREAS!$G$11,AF$7<=TAREAS!$H$11,CALENDARIO!$C$36=1),"P",""),IF(ISNUMBER(SEARCH(TEXT(AF$7,"yyyy-mm-dd"),TAREAS!$J$11)),IF(TAREAS!$I$11="Registro Git","R",IF(TAREAS!$I$11="Despliegue documentado","D","L")),"")) | AG12: =IF(TAREAS!$I$11="Propuesta",IF(AND(AG$7>=TAREAS!$G$11,AG$7<=TAREAS!$H$11,CALENDARIO!$C$37=1),"P",""),IF(ISNUMBER(SEARCH(TEXT(AG$7,"yyyy-mm-dd"),TAREAS!$J$11)),IF(TAREAS!$I$11="Registro Git","R",IF(TAREAS!$I$11="Despliegue documentado","D","L")),"")) | AH12: =IF(TAREAS!$I$11="Propuesta",IF(AND(AH$7>=TAREAS!$G$11,AH$7<=TAREAS!$H$11,CALENDARIO!$C$38=1),"P",""),IF(ISNUMBER(SEARCH(TEXT(AH$7,"yyyy-mm-dd"),TAREAS!$J$11)),IF(TAREAS!$I$11="Registro Git","R",IF(TAREAS!$I$11="Despliegue documentado","D","L")),""))
A13: =TAREAS!C12 -> HU-G04 · Como colaborador, quiero entregar evidencias y conocer el cierre de mi jornada. | B13: =TAREAS!A12&" · "&TAREAS!D12 -> T-008 · Corrección de evidencias y comprobante de Facebook | C13: =TAREAS!F12 -> yeiserDev | D13: =COUNTIF(E13:AH13,"R")+COUNTIF(E13:AH13,"D")+COUNTIF(E13:AH13,"L")+COUNTIF(E13:AH13,"P") -> 1 | E13: =IF(TAREAS!$I$12="Propuesta",IF(AND(E$7>=TAREAS!$G$12,E$7<=TAREAS!$H$12,CALENDARIO!$C$9=1),"P",""),IF(ISNUMBER(SEARCH(TEXT(E$7,"yyyy-mm-dd"),TAREAS!$J$12)),IF(TAREAS!$I$12="Registro Git","R",IF(TAREAS!$I$12="Despliegue documentado","D","L")),"")) | F13: =IF(TAREAS!$I$12="Propuesta",IF(AND(F$7>=TAREAS!$G$12,F$7<=TAREAS!$H$12,CALENDARIO!$C$10=1),"P",""),IF(ISNUMBER(SEARCH(TEXT(F$7,"yyyy-mm-dd"),TAREAS!$J$12)),IF(TAREAS!$I$12="Registro Git","R",IF(TAREAS!$I$12="Despliegue documentado","D","L")),"")) | G13: =IF(TAREAS!$I$12="Propuesta",IF(AND(G$7>=TAREAS!$G$12,G$7<=TAREAS!$H$12,CALENDARIO!$C$11=1),"P",""),IF(ISNUMBER(SEARCH(TEXT(G$7,"yyyy-mm-dd"),TAREAS!$J$12)),IF(TAREAS!$I$12="Registro Git","R",IF(TAREAS!$I$12="Despliegue documentado","D","L")),"")) | H13: =IF(TAREAS!$I$12="Propuesta",IF(AND(H$7>=TAREAS!$G$12,H$7<=TAREAS!$H$12,CALENDARIO!$C$12=1),"P",""),IF(ISNUMBER(SEARCH(TEXT(H$7,"yyyy-mm-dd"),TAREAS!$J$12)),IF(TAREAS!$I$12="Registro Git","R",IF(TAREAS!$I$12="Despliegue documentado","D","L")),"")) | I13: =IF(TAREAS!$I$12="Propuesta",IF(AND(I$7>=TAREAS!$G$12,I$7<=TAREAS!$H$12,CALENDARIO!$C$13=1),"P",""),IF(ISNUMBER(SEARCH(TEXT(I$7,"yyyy-mm-dd"),TAREAS!$J$12)),IF(TAREAS!$I$12="Registro Git","R",IF(TAREAS!$I$12="Despliegue documentado","D","L")),"")) | J13: =IF(TAREAS!$I$12="Propuesta",IF(AND(J$7>=TAREAS!$G$12,J$7<=TAREAS!$H$12,CALENDARIO!$C$14=1),"P",""),IF(ISNUMBER(SEARCH(TEXT(J$7,"yyyy-mm-dd"),TAREAS!$J$12)),IF(TAREAS!$I$12="Registro Git","R",IF(TAREAS!$I$12="Despliegue documentado","D","L")),"")) | K13: =IF(TAREAS!$I$12="Propuesta",IF(AND(K$7>=TAREAS!$G$12,K$7<=TAREAS!$H$12,CALENDARIO!$C$15=1),"P",""),IF(ISNUMBER(SEARCH(TEXT(K$7,"yyyy-mm-dd"),TAREAS!$J$12)),IF(TAREAS!$I$12="Registro Git","R",IF(TAREAS!$I$12="Despliegue documentado","D","L")),"")) -> R | L13: =IF(TAREAS!$I$12="Propuesta",IF(AND(L$7>=TAREAS!$G$12,L$7<=TAREAS!$H$12,CALENDARIO!$C$16=1),"P",""),IF(ISNUMBER(SEARCH(TEXT(L$7,"yyyy-mm-dd"),TAREAS!$J$12)),IF(TAREAS!$I$12="Registro Git","R",IF(TAREAS!$I$12="Despliegue documentado","D","L")),"")) | M13: =IF(TAREAS!$I$12="Propuesta",IF(AND(M$7>=TAREAS!$G$12,M$7<=TAREAS!$H$12,CALENDARIO!$C$17=1),"P",""),IF(ISNUMBER(SEARCH(TEXT(M$7,"yyyy-mm-dd"),TAREAS!$J$12)),IF(TAREAS!$I$12="Registro Git","R",IF(TAREAS!$I$12="Despliegue documentado","D","L")),"")) | N13: =IF(TAREAS!$I$12="Propuesta",IF(AND(N$7>=TAREAS!$G$12,N$7<=TAREAS!$H$12,CALENDARIO!$C$18=1),"P",""),IF(ISNUMBER(SEARCH(TEXT(N$7,"yyyy-mm-dd"),TAREAS!$J$12)),IF(TAREAS!$I$12="Registro Git","R",IF(TAREAS!$I$12="Despliegue documentado","D","L")),"")) | O13: =IF(TAREAS!$I$12="Propuesta",IF(AND(O$7>=TAREAS!$G$12,O$7<=TAREAS!$H$12,CALENDARIO!$C$19=1),"P",""),IF(ISNUMBER(SEARCH(TEXT(O$7,"yyyy-mm-dd"),TAREAS!$J$12)),IF(TAREAS!$I$12="Registro Git","R",IF(TAREAS!$I$12="Despliegue documentado","D","L")),"")) | P13: =IF(TAREAS!$I$12="Propuesta",IF(AND(P$7>=TAREAS!$G$12,P$7<=TAREAS!$H$12,CALENDARIO!$C$20=1),"P",""),IF(ISNUMBER(SEARCH(TEXT(P$7,"yyyy-mm-dd"),TAREAS!$J$12)),IF(TAREAS!$I$12="Registro Git","R",IF(TAREAS!$I$12="Despliegue documentado","D","L")),"")) | Q13: =IF(TAREAS!$I$12="Propuesta",IF(AND(Q$7>=TAREAS!$G$12,Q$7<=TAREAS!$H$12,CALENDARIO!$C$21=1),"P",""),IF(ISNUMBER(SEARCH(TEXT(Q$7,"yyyy-mm-dd"),TAREAS!$J$12)),IF(TAREAS!$I$12="Registro Git","R",IF(TAREAS!$I$12="Despliegue documentado","D","L")),"")) | R13: =IF(TAREAS!$I$12="Propuesta",IF(AND(R$7>=TAREAS!$G$12,R$7<=TAREAS!$H$12,CALENDARIO!$C$22=1),"P",""),IF(ISNUMBER(SEARCH(TEXT(R$7,"yyyy-mm-dd"),TAREAS!$J$12)),IF(TAREAS!$I$12="Registro Git","R",IF(TAREAS!$I$12="Despliegue documentado","D","L")),"")) | S13: =IF(TAREAS!$I$12="Propuesta",IF(AND(S$7>=TAREAS!$G$12,S$7<=TAREAS!$H$12,CALENDARIO!$C$23=1),"P",""),IF(ISNUMBER(SEARCH(TEXT(S$7,"yyyy-mm-dd"),TAREAS!$J$12)),IF(TAREAS!$I$12="Registro Git","R",IF(TAREAS!$I$12="Despliegue documentado","D","L")),"")) | T13: =IF(TAREAS!$I$12="Propuesta",IF(AND(T$7>=TAREAS!$G$12,T$7<=TAREAS!$H$12,CALENDARIO!$C$24=1),"P",""),IF(ISNUMBER(SEARCH(TEXT(T$7,"yyyy-mm-dd"),TAREAS!$J$12)),IF(TAREAS!$I$12="Registro Git","R",IF(TAREAS!$I$12="Despliegue documentado","D","L")),"")) | U13: =IF(TAREAS!$I$12="Propuesta",IF(AND(U$7>=TAREAS!$G$12,U$7<=TAREAS!$H$12,CALENDARIO!$C$25=1),"P",""),IF(ISNUMBER(SEARCH(TEXT(U$7,"yyyy-mm-dd"),TAREAS!$J$12)),IF(TAREAS!$I$12="Registro Git","R",IF(TAREAS!$I$12="Despliegue documentado","D","L")),"")) | V13: =IF(TAREAS!$I$12="Propuesta",IF(AND(V$7>=TAREAS!$G$12,V$7<=TAREAS!$H$12,CALENDARIO!$C$26=1),"P",""),IF(ISNUMBER(SEARCH(TEXT(V$7,"yyyy-mm-dd"),TAREAS!$J$12)),IF(TAREAS!$I$12="Registro Git","R",IF(TAREAS!$I$12="Despliegue documentado","D","L")),"")) | W13: =IF(TAREAS!$I$12="Propuesta",IF(AND(W$7>=TAREAS!$G$12,W$7<=TAREAS!$H$12,CALENDARIO!$C$27=1),"P",""),IF(ISNUMBER(SEARCH(TEXT(W$7,"yyyy-mm-dd"),TAREAS!$J$12)),IF(TAREAS!$I$12="Registro Git","R",IF(TAREAS!$I$12="Despliegue documentado","D","L")),"")) | X13: =IF(TAREAS!$I$12="Propuesta",IF(AND(X$7>=TAREAS!$G$12,X$7<=TAREAS!$H$12,CALENDARIO!$C$28=1),"P",""),IF(ISNUMBER(SEARCH(TEXT(X$7,"yyyy-mm-dd"),TAREAS!$J$12)),IF(TAREAS!$I$12="Registro Git","R",IF(TAREAS!$I$12="Despliegue documentado","D","L")),"")) | Y13: =IF(TAREAS!$I$12="Propuesta",IF(AND(Y$7>=TAREAS!$G$12,Y$7<=TAREAS!$H$12,CALENDARIO!$C$29=1),"P",""),IF(ISNUMBER(SEARCH(TEXT(Y$7,"yyyy-mm-dd"),TAREAS!$J$12)),IF(TAREAS!$I$12="Registro Git","R",IF(TAREAS!$I$12="Despliegue documentado","D","L")),"")) | Z13: =IF(TAREAS!$I$12="Propuesta",IF(AND(Z$7>=TAREAS!$G$12,Z$7<=TAREAS!$H$12,CALENDARIO!$C$30=1),"P",""),IF(ISNUMBER(SEARCH(TEXT(Z$7,"yyyy-mm-dd"),TAREAS!$J$12)),IF(TAREAS!$I$12="Registro Git","R",IF(TAREAS!$I$12="Despliegue documentado","D","L")),"")) | AA13: =IF(TAREAS!$I$12="Propuesta",IF(AND(AA$7>=TAREAS!$G$12,AA$7<=TAREAS!$H$12,CALENDARIO!$C$31=1),"P",""),IF(ISNUMBER(SEARCH(TEXT(AA$7,"yyyy-mm-dd"),TAREAS!$J$12)),IF(TAREAS!$I$12="Registro Git","R",IF(TAREAS!$I$12="Despliegue documentado","D","L")),"")) | AB13: =IF(TAREAS!$I$12="Propuesta",IF(AND(AB$7>=TAREAS!$G$12,AB$7<=TAREAS!$H$12,CALENDARIO!$C$32=1),"P",""),IF(ISNUMBER(SEARCH(TEXT(AB$7,"yyyy-mm-dd"),TAREAS!$J$12)),IF(TAREAS!$I$12="Registro Git","R",IF(TAREAS!$I$12="Despliegue documentado","D","L")),"")) | AC13: =IF(TAREAS!$I$12="Propuesta",IF(AND(AC$7>=TAREAS!$G$12,AC$7<=TAREAS!$H$12,CALENDARIO!$C$33=1),"P",""),IF(ISNUMBER(SEARCH(TEXT(AC$7,"yyyy-mm-dd"),TAREAS!$J$12)),IF(TAREAS!$I$12="Registro Git","R",IF(TAREAS!$I$12="Despliegue documentado","D","L")),"")) | AD13: =IF(TAREAS!$I$12="Propuesta",IF(AND(AD$7>=TAREAS!$G$12,AD$7<=TAREAS!$H$12,CALENDARIO!$C$34=1),"P",""),IF(ISNUMBER(SEARCH(TEXT(AD$7,"yyyy-mm-dd"),TAREAS!$J$12)),IF(TAREAS!$I$12="Registro Git","R",IF(TAREAS!$I$12="Despliegue documentado","D","L")),"")) | AE13: =IF(TAREAS!$I$12="Propuesta",IF(AND(AE$7>=TAREAS!$G$12,AE$7<=TAREAS!$H$12,CALENDARIO!$C$35=1),"P",""),IF(ISNUMBER(SEARCH(TEXT(AE$7,"yyyy-mm-dd"),TAREAS!$J$12)),IF(TAREAS!$I$12="Registro Git","R",IF(TAREAS!$I$12="Despliegue documentado","D","L")),"")) | AF13: =IF(TAREAS!$I$12="Propuesta",IF(AND(AF$7>=TAREAS!$G$12,AF$7<=TAREAS!$H$12,CALENDARIO!$C$36=1),"P",""),IF(ISNUMBER(SEARCH(TEXT(AF$7,"yyyy-mm-dd"),TAREAS!$J$12)),IF(TAREAS!$I$12="Registro Git","R",IF(TAREAS!$I$12="Despliegue documentado","D","L")),"")) | AG13: =IF(TAREAS!$I$12="Propuesta",IF(AND(AG$7>=TAREAS!$G$12,AG$7<=TAREAS!$H$12,CALENDARIO!$C$37=1),"P",""),IF(ISNUMBER(SEARCH(TEXT(AG$7,"yyyy-mm-dd"),TAREAS!$J$12)),IF(TAREAS!$I$12="Registro Git","R",IF(TAREAS!$I$12="Despliegue documentado","D","L")),"")) | AH13: =IF(TAREAS!$I$12="Propuesta",IF(AND(AH$7>=TAREAS!$G$12,AH$7<=TAREAS!$H$12,CALENDARIO!$C$38=1),"P",""),IF(ISNUMBER(SEARCH(TEXT(AH$7,"yyyy-mm-dd"),TAREAS!$J$12)),IF(TAREAS!$I$12="Registro Git","R",IF(TAREAS!$I$12="Despliegue documentado","D","L")),""))
A14: =TAREAS!C13 -> HU-G05 · Como responsable, quiero asignar trabajo y supervisar el cumplimiento. | B14: =TAREAS!A13&" · "&TAREAS!D13 -> T-009 · Revisión, observaciones y notificaciones de evidencias | C14: =TAREAS!F13 -> yeiserDev | D14: =COUNTIF(E14:AH14,"R")+COUNTIF(E14:AH14,"D")+COUNTIF(E14:AH14,"L")+COUNTIF(E14:AH14,"P") -> 3 | E14: =IF(TAREAS!$I$13="Propuesta",IF(AND(E$7>=TAREAS!$G$13,E$7<=TAREAS!$H$13,CALENDARIO!$C$9=1),"P",""),IF(ISNUMBER(SEARCH(TEXT(E$7,"yyyy-mm-dd"),TAREAS!$J$13)),IF(TAREAS!$I$13="Registro Git","R",IF(TAREAS!$I$13="Despliegue documentado","D","L")),"")) | F14: =IF(TAREAS!$I$13="Propuesta",IF(AND(F$7>=TAREAS!$G$13,F$7<=TAREAS!$H$13,CALENDARIO!$C$10=1),"P",""),IF(ISNUMBER(SEARCH(TEXT(F$7,"yyyy-mm-dd"),TAREAS!$J$13)),IF(TAREAS!$I$13="Registro Git","R",IF(TAREAS!$I$13="Despliegue documentado","D","L")),"")) | G14: =IF(TAREAS!$I$13="Propuesta",IF(AND(G$7>=TAREAS!$G$13,G$7<=TAREAS!$H$13,CALENDARIO!$C$11=1),"P",""),IF(ISNUMBER(SEARCH(TEXT(G$7,"yyyy-mm-dd"),TAREAS!$J$13)),IF(TAREAS!$I$13="Registro Git","R",IF(TAREAS!$I$13="Despliegue documentado","D","L")),"")) | H14: =IF(TAREAS!$I$13="Propuesta",IF(AND(H$7>=TAREAS!$G$13,H$7<=TAREAS!$H$13,CALENDARIO!$C$12=1),"P",""),IF(ISNUMBER(SEARCH(TEXT(H$7,"yyyy-mm-dd"),TAREAS!$J$13)),IF(TAREAS!$I$13="Registro Git","R",IF(TAREAS!$I$13="Despliegue documentado","D","L")),"")) | I14: =IF(TAREAS!$I$13="Propuesta",IF(AND(I$7>=TAREAS!$G$13,I$7<=TAREAS!$H$13,CALENDARIO!$C$13=1),"P",""),IF(ISNUMBER(SEARCH(TEXT(I$7,"yyyy-mm-dd"),TAREAS!$J$13)),IF(TAREAS!$I$13="Registro Git","R",IF(TAREAS!$I$13="Despliegue documentado","D","L")),"")) | J14: =IF(TAREAS!$I$13="Propuesta",IF(AND(J$7>=TAREAS!$G$13,J$7<=TAREAS!$H$13,CALENDARIO!$C$14=1),"P",""),IF(ISNUMBER(SEARCH(TEXT(J$7,"yyyy-mm-dd"),TAREAS!$J$13)),IF(TAREAS!$I$13="Registro Git","R",IF(TAREAS!$I$13="Despliegue documentado","D","L")),"")) | K14: =IF(TAREAS!$I$13="Propuesta",IF(AND(K$7>=TAREAS!$G$13,K$7<=TAREAS!$H$13,CALENDARIO!$C$15=1),"P",""),IF(ISNUMBER(SEARCH(TEXT(K$7,"yyyy-mm-dd"),TAREAS!$J$13)),IF(TAREAS!$I$13="Registro Git","R",IF(TAREAS!$I$13="Despliegue documentado","D","L")),"")) -> R | L14: =IF(TAREAS!$I$13="Propuesta",IF(AND(L$7>=TAREAS!$G$13,L$7<=TAREAS!$H$13,CALENDARIO!$C$16=1),"P",""),IF(ISNUMBER(SEARCH(TEXT(L$7,"yyyy-mm-dd"),TAREAS!$J$13)),IF(TAREAS!$I$13="Registro Git","R",IF(TAREAS!$I$13="Despliegue documentado","D","L")),"")) -> R | M14: =IF(TAREAS!$I$13="Propuesta",IF(AND(M$7>=TAREAS!$G$13,M$7<=TAREAS!$H$13,CALENDARIO!$C$17=1),"P",""),IF(ISNUMBER(SEARCH(TEXT(M$7,"yyyy-mm-dd"),TAREAS!$J$13)),IF(TAREAS!$I$13="Registro Git","R",IF(TAREAS!$I$13="Despliegue documentado","D","L")),"")) -> R | N14: =IF(TAREAS!$I$13="Propuesta",IF(AND(N$7>=TAREAS!$G$13,N$7<=TAREAS!$H$13,CALENDARIO!$C$18=1),"P",""),IF(ISNUMBER(SEARCH(TEXT(N$7,"yyyy-mm-dd"),TAREAS!$J$13)),IF(TAREAS!$I$13="Registro Git","R",IF(TAREAS!$I$13="Despliegue documentado","D","L")),"")) | O14: =IF(TAREAS!$I$13="Propuesta",IF(AND(O$7>=TAREAS!$G$13,O$7<=TAREAS!$H$13,CALENDARIO!$C$19=1),"P",""),IF(ISNUMBER(SEARCH(TEXT(O$7,"yyyy-mm-dd"),TAREAS!$J$13)),IF(TAREAS!$I$13="Registro Git","R",IF(TAREAS!$I$13="Despliegue documentado","D","L")),"")) | P14: =IF(TAREAS!$I$13="Propuesta",IF(AND(P$7>=TAREAS!$G$13,P$7<=TAREAS!$H$13,CALENDARIO!$C$20=1),"P",""),IF(ISNUMBER(SEARCH(TEXT(P$7,"yyyy-mm-dd"),TAREAS!$J$13)),IF(TAREAS!$I$13="Registro Git","R",IF(TAREAS!$I$13="Despliegue documentado","D","L")),"")) | Q14: =IF(TAREAS!$I$13="Propuesta",IF(AND(Q$7>=TAREAS!$G$13,Q$7<=TAREAS!$H$13,CALENDARIO!$C$21=1),"P",""),IF(ISNUMBER(SEARCH(TEXT(Q$7,"yyyy-mm-dd"),TAREAS!$J$13)),IF(TAREAS!$I$13="Registro Git","R",IF(TAREAS!$I$13="Despliegue documentado","D","L")),"")) | R14: =IF(TAREAS!$I$13="Propuesta",IF(AND(R$7>=TAREAS!$G$13,R$7<=TAREAS!$H$13,CALENDARIO!$C$22=1),"P",""),IF(ISNUMBER(SEARCH(TEXT(R$7,"yyyy-mm-dd"),TAREAS!$J$13)),IF(TAREAS!$I$13="Registro Git","R",IF(TAREAS!$I$13="Despliegue documentado","D","L")),"")) | S14: =IF(TAREAS!$I$13="Propuesta",IF(AND(S$7>=TAREAS!$G$13,S$7<=TAREAS!$H$13,CALENDARIO!$C$23=1),"P",""),IF(ISNUMBER(SEARCH(TEXT(S$7,"yyyy-mm-dd"),TAREAS!$J$13)),IF(TAREAS!$I$13="Registro Git","R",IF(TAREAS!$I$13="Despliegue documentado","D","L")),"")) | T14: =IF(TAREAS!$I$13="Propuesta",IF(AND(T$7>=TAREAS!$G$13,T$7<=TAREAS!$H$13,CALENDARIO!$C$24=1),"P",""),IF(ISNUMBER(SEARCH(TEXT(T$7,"yyyy-mm-dd"),TAREAS!$J$13)),IF(TAREAS!$I$13="Registro Git","R",IF(TAREAS!$I$13="Despliegue documentado","D","L")),"")) | U14: =IF(TAREAS!$I$13="Propuesta",IF(AND(U$7>=TAREAS!$G$13,U$7<=TAREAS!$H$13,CALENDARIO!$C$25=1),"P",""),IF(ISNUMBER(SEARCH(TEXT(U$7,"yyyy-mm-dd"),TAREAS!$J$13)),IF(TAREAS!$I$13="Registro Git","R",IF(TAREAS!$I$13="Despliegue documentado","D","L")),"")) | V14: =IF(TAREAS!$I$13="Propuesta",IF(AND(V$7>=TAREAS!$G$13,V$7<=TAREAS!$H$13,CALENDARIO!$C$26=1),"P",""),IF(ISNUMBER(SEARCH(TEXT(V$7,"yyyy-mm-dd"),TAREAS!$J$13)),IF(TAREAS!$I$13="Registro Git","R",IF(TAREAS!$I$13="Despliegue documentado","D","L")),"")) | W14: =IF(TAREAS!$I$13="Propuesta",IF(AND(W$7>=TAREAS!$G$13,W$7<=TAREAS!$H$13,CALENDARIO!$C$27=1),"P",""),IF(ISNUMBER(SEARCH(TEXT(W$7,"yyyy-mm-dd"),TAREAS!$J$13)),IF(TAREAS!$I$13="Registro Git","R",IF(TAREAS!$I$13="Despliegue documentado","D","L")),"")) | X14: =IF(TAREAS!$I$13="Propuesta",IF(AND(X$7>=TAREAS!$G$13,X$7<=TAREAS!$H$13,CALENDARIO!$C$28=1),"P",""),IF(ISNUMBER(SEARCH(TEXT(X$7,"yyyy-mm-dd"),TAREAS!$J$13)),IF(TAREAS!$I$13="Registro Git","R",IF(TAREAS!$I$13="Despliegue documentado","D","L")),"")) | Y14: =IF(TAREAS!$I$13="Propuesta",IF(AND(Y$7>=TAREAS!$G$13,Y$7<=TAREAS!$H$13,CALENDARIO!$C$29=1),"P",""),IF(ISNUMBER(SEARCH(TEXT(Y$7,"yyyy-mm-dd"),TAREAS!$J$13)),IF(TAREAS!$I$13="Registro Git","R",IF(TAREAS!$I$13="Despliegue documentado","D","L")),"")) | Z14: =IF(TAREAS!$I$13="Propuesta",IF(AND(Z$7>=TAREAS!$G$13,Z$7<=TAREAS!$H$13,CALENDARIO!$C$30=1),"P",""),IF(ISNUMBER(SEARCH(TEXT(Z$7,"yyyy-mm-dd"),TAREAS!$J$13)),IF(TAREAS!$I$13="Registro Git","R",IF(TAREAS!$I$13="Despliegue documentado","D","L")),"")) | AA14: =IF(TAREAS!$I$13="Propuesta",IF(AND(AA$7>=TAREAS!$G$13,AA$7<=TAREAS!$H$13,CALENDARIO!$C$31=1),"P",""),IF(ISNUMBER(SEARCH(TEXT(AA$7,"yyyy-mm-dd"),TAREAS!$J$13)),IF(TAREAS!$I$13="Registro Git","R",IF(TAREAS!$I$13="Despliegue documentado","D","L")),"")) | AB14: =IF(TAREAS!$I$13="Propuesta",IF(AND(AB$7>=TAREAS!$G$13,AB$7<=TAREAS!$H$13,CALENDARIO!$C$32=1),"P",""),IF(ISNUMBER(SEARCH(TEXT(AB$7,"yyyy-mm-dd"),TAREAS!$J$13)),IF(TAREAS!$I$13="Registro Git","R",IF(TAREAS!$I$13="Despliegue documentado","D","L")),"")) | AC14: =IF(TAREAS!$I$13="Propuesta",IF(AND(AC$7>=TAREAS!$G$13,AC$7<=TAREAS!$H$13,CALENDARIO!$C$33=1),"P",""),IF(ISNUMBER(SEARCH(TEXT(AC$7,"yyyy-mm-dd"),TAREAS!$J$13)),IF(TAREAS!$I$13="Registro Git","R",IF(TAREAS!$I$13="Despliegue documentado","D","L")),"")) | AD14: =IF(TAREAS!$I$13="Propuesta",IF(AND(AD$7>=TAREAS!$G$13,AD$7<=TAREAS!$H$13,CALENDARIO!$C$34=1),"P",""),IF(ISNUMBER(SEARCH(TEXT(AD$7,"yyyy-mm-dd"),TAREAS!$J$13)),IF(TAREAS!$I$13="Registro Git","R",IF(TAREAS!$I$13="Despliegue documentado","D","L")),"")) | AE14: =IF(TAREAS!$I$13="Propuesta",IF(AND(AE$7>=TAREAS!$G$13,AE$7<=TAREAS!$H$13,CALENDARIO!$C$35=1),"P",""),IF(ISNUMBER(SEARCH(TEXT(AE$7,"yyyy-mm-dd"),TAREAS!$J$13)),IF(TAREAS!$I$13="Registro Git","R",IF(TAREAS!$I$13="Despliegue documentado","D","L")),"")) | AF14: =IF(TAREAS!$I$13="Propuesta",IF(AND(AF$7>=TAREAS!$G$13,AF$7<=TAREAS!$H$13,CALENDARIO!$C$36=1),"P",""),IF(ISNUMBER(SEARCH(TEXT(AF$7,"yyyy-mm-dd"),TAREAS!$J$13)),IF(TAREAS!$I$13="Registro Git","R",IF(TAREAS!$I$13="Despliegue documentado","D","L")),"")) | AG14: =IF(TAREAS!$I$13="Propuesta",IF(AND(AG$7>=TAREAS!$G$13,AG$7<=TAREAS!$H$13,CALENDARIO!$C$37=1),"P",""),IF(ISNUMBER(SEARCH(TEXT(AG$7,"yyyy-mm-dd"),TAREAS!$J$13)),IF(TAREAS!$I$13="Registro Git","R",IF(TAREAS!$I$13="Despliegue documentado","D","L")),"")) | AH14: =IF(TAREAS!$I$13="Propuesta",IF(AND(AH$7>=TAREAS!$G$13,AH$7<=TAREAS!$H$13,CALENDARIO!$C$38=1),"P",""),IF(ISNUMBER(SEARCH(TEXT(AH$7,"yyyy-mm-dd"),TAREAS!$J$13)),IF(TAREAS!$I$13="Registro Git","R",IF(TAREAS!$I$13="Despliegue documentado","D","L")),""))
A15: =TAREAS!C14 -> HU-G04 · Como colaborador, quiero entregar evidencias y conocer el cierre de mi jornada. | B15: =TAREAS!A14&" · "&TAREAS!D14 -> T-010 · Agenda Facebook independiente y vencimientos | C15: =TAREAS!F14 -> yeiserDev | D15: =COUNTIF(E15:AH15,"R")+COUNTIF(E15:AH15,"D")+COUNTIF(E15:AH15,"L")+COUNTIF(E15:AH15,"P") -> 1 | E15: =IF(TAREAS!$I$14="Propuesta",IF(AND(E$7>=TAREAS!$G$14,E$7<=TAREAS!$H$14,CALENDARIO!$C$9=1),"P",""),IF(ISNUMBER(SEARCH(TEXT(E$7,"yyyy-mm-dd"),TAREAS!$J$14)),IF(TAREAS!$I$14="Registro Git","R",IF(TAREAS!$I$14="Despliegue documentado","D","L")),"")) | F15: =IF(TAREAS!$I$14="Propuesta",IF(AND(F$7>=TAREAS!$G$14,F$7<=TAREAS!$H$14,CALENDARIO!$C$10=1),"P",""),IF(ISNUMBER(SEARCH(TEXT(F$7,"yyyy-mm-dd"),TAREAS!$J$14)),IF(TAREAS!$I$14="Registro Git","R",IF(TAREAS!$I$14="Despliegue documentado","D","L")),"")) | G15: =IF(TAREAS!$I$14="Propuesta",IF(AND(G$7>=TAREAS!$G$14,G$7<=TAREAS!$H$14,CALENDARIO!$C$11=1),"P",""),IF(ISNUMBER(SEARCH(TEXT(G$7,"yyyy-mm-dd"),TAREAS!$J$14)),IF(TAREAS!$I$14="Registro Git","R",IF(TAREAS!$I$14="Despliegue documentado","D","L")),"")) | H15: =IF(TAREAS!$I$14="Propuesta",IF(AND(H$7>=TAREAS!$G$14,H$7<=TAREAS!$H$14,CALENDARIO!$C$12=1),"P",""),IF(ISNUMBER(SEARCH(TEXT(H$7,"yyyy-mm-dd"),TAREAS!$J$14)),IF(TAREAS!$I$14="Registro Git","R",IF(TAREAS!$I$14="Despliegue documentado","D","L")),"")) | I15: =IF(TAREAS!$I$14="Propuesta",IF(AND(I$7>=TAREAS!$G$14,I$7<=TAREAS!$H$14,CALENDARIO!$C$13=1),"P",""),IF(ISNUMBER(SEARCH(TEXT(I$7,"yyyy-mm-dd"),TAREAS!$J$14)),IF(TAREAS!$I$14="Registro Git","R",IF(TAREAS!$I$14="Despliegue documentado","D","L")),"")) | J15: =IF(TAREAS!$I$14="Propuesta",IF(AND(J$7>=TAREAS!$G$14,J$7<=TAREAS!$H$14,CALENDARIO!$C$14=1),"P",""),IF(ISNUMBER(SEARCH(TEXT(J$7,"yyyy-mm-dd"),TAREAS!$J$14)),IF(TAREAS!$I$14="Registro Git","R",IF(TAREAS!$I$14="Despliegue documentado","D","L")),"")) | K15: =IF(TAREAS!$I$14="Propuesta",IF(AND(K$7>=TAREAS!$G$14,K$7<=TAREAS!$H$14,CALENDARIO!$C$15=1),"P",""),IF(ISNUMBER(SEARCH(TEXT(K$7,"yyyy-mm-dd"),TAREAS!$J$14)),IF(TAREAS!$I$14="Registro Git","R",IF(TAREAS!$I$14="Despliegue documentado","D","L")),"")) | L15: =IF(TAREAS!$I$14="Propuesta",IF(AND(L$7>=TAREAS!$G$14,L$7<=TAREAS!$H$14,CALENDARIO!$C$16=1),"P",""),IF(ISNUMBER(SEARCH(TEXT(L$7,"yyyy-mm-dd"),TAREAS!$J$14)),IF(TAREAS!$I$14="Registro Git","R",IF(TAREAS!$I$14="Despliegue documentado","D","L")),"")) | M15: =IF(TAREAS!$I$14="Propuesta",IF(AND(M$7>=TAREAS!$G$14,M$7<=TAREAS!$H$14,CALENDARIO!$C$17=1),"P",""),IF(ISNUMBER(SEARCH(TEXT(M$7,"yyyy-mm-dd"),TAREAS!$J$14)),IF(TAREAS!$I$14="Registro Git","R",IF(TAREAS!$I$14="Despliegue documentado","D","L")),"")) | N15: =IF(TAREAS!$I$14="Propuesta",IF(AND(N$7>=TAREAS!$G$14,N$7<=TAREAS!$H$14,CALENDARIO!$C$18=1),"P",""),IF(ISNUMBER(SEARCH(TEXT(N$7,"yyyy-mm-dd"),TAREAS!$J$14)),IF(TAREAS!$I$14="Registro Git","R",IF(TAREAS!$I$14="Despliegue documentado","D","L")),"")) -> R | O15: =IF(TAREAS!$I$14="Propuesta",IF(AND(O$7>=TAREAS!$G$14,O$7<=TAREAS!$H$14,CALENDARIO!$C$19=1),"P",""),IF(ISNUMBER(SEARCH(TEXT(O$7,"yyyy-mm-dd"),TAREAS!$J$14)),IF(TAREAS!$I$14="Registro Git","R",IF(TAREAS!$I$14="Despliegue documentado","D","L")),"")) | P15: =IF(TAREAS!$I$14="Propuesta",IF(AND(P$7>=TAREAS!$G$14,P$7<=TAREAS!$H$14,CALENDARIO!$C$20=1),"P",""),IF(ISNUMBER(SEARCH(TEXT(P$7,"yyyy-mm-dd"),TAREAS!$J$14)),IF(TAREAS!$I$14="Registro Git","R",IF(TAREAS!$I$14="Despliegue documentado","D","L")),"")) | Q15: =IF(TAREAS!$I$14="Propuesta",IF(AND(Q$7>=TAREAS!$G$14,Q$7<=TAREAS!$H$14,CALENDARIO!$C$21=1),"P",""),IF(ISNUMBER(SEARCH(TEXT(Q$7,"yyyy-mm-dd"),TAREAS!$J$14)),IF(TAREAS!$I$14="Registro Git","R",IF(TAREAS!$I$14="Despliegue documentado","D","L")),"")) | R15: =IF(TAREAS!$I$14="Propuesta",IF(AND(R$7>=TAREAS!$G$14,R$7<=TAREAS!$H$14,CALENDARIO!$C$22=1),"P",""),IF(ISNUMBER(SEARCH(TEXT(R$7,"yyyy-mm-dd"),TAREAS!$J$14)),IF(TAREAS!$I$14="Registro Git","R",IF(TAREAS!$I$14="Despliegue documentado","D","L")),"")) | S15: =IF(TAREAS!$I$14="Propuesta",IF(AND(S$7>=TAREAS!$G$14,S$7<=TAREAS!$H$14,CALENDARIO!$C$23=1),"P",""),IF(ISNUMBER(SEARCH(TEXT(S$7,"yyyy-mm-dd"),TAREAS!$J$14)),IF(TAREAS!$I$14="Registro Git","R",IF(TAREAS!$I$14="Despliegue documentado","D","L")),"")) | T15: =IF(TAREAS!$I$14="Propuesta",IF(AND(T$7>=TAREAS!$G$14,T$7<=TAREAS!$H$14,CALENDARIO!$C$24=1),"P",""),IF(ISNUMBER(SEARCH(TEXT(T$7,"yyyy-mm-dd"),TAREAS!$J$14)),IF(TAREAS!$I$14="Registro Git","R",IF(TAREAS!$I$14="Despliegue documentado","D","L")),"")) | U15: =IF(TAREAS!$I$14="Propuesta",IF(AND(U$7>=TAREAS!$G$14,U$7<=TAREAS!$H$14,CALENDARIO!$C$25=1),"P",""),IF(ISNUMBER(SEARCH(TEXT(U$7,"yyyy-mm-dd"),TAREAS!$J$14)),IF(TAREAS!$I$14="Registro Git","R",IF(TAREAS!$I$14="Despliegue documentado","D","L")),"")) | V15: =IF(TAREAS!$I$14="Propuesta",IF(AND(V$7>=TAREAS!$G$14,V$7<=TAREAS!$H$14,CALENDARIO!$C$26=1),"P",""),IF(ISNUMBER(SEARCH(TEXT(V$7,"yyyy-mm-dd"),TAREAS!$J$14)),IF(TAREAS!$I$14="Registro Git","R",IF(TAREAS!$I$14="Despliegue documentado","D","L")),"")) | W15: =IF(TAREAS!$I$14="Propuesta",IF(AND(W$7>=TAREAS!$G$14,W$7<=TAREAS!$H$14,CALENDARIO!$C$27=1),"P",""),IF(ISNUMBER(SEARCH(TEXT(W$7,"yyyy-mm-dd"),TAREAS!$J$14)),IF(TAREAS!$I$14="Registro Git","R",IF(TAREAS!$I$14="Despliegue documentado","D","L")),"")) | X15: =IF(TAREAS!$I$14="Propuesta",IF(AND(X$7>=TAREAS!$G$14,X$7<=TAREAS!$H$14,CALENDARIO!$C$28=1),"P",""),IF(ISNUMBER(SEARCH(TEXT(X$7,"yyyy-mm-dd"),TAREAS!$J$14)),IF(TAREAS!$I$14="Registro Git","R",IF(TAREAS!$I$14="Despliegue documentado","D","L")),"")) | Y15: =IF(TAREAS!$I$14="Propuesta",IF(AND(Y$7>=TAREAS!$G$14,Y$7<=TAREAS!$H$14,CALENDARIO!$C$29=1),"P",""),IF(ISNUMBER(SEARCH(TEXT(Y$7,"yyyy-mm-dd"),TAREAS!$J$14)),IF(TAREAS!$I$14="Registro Git","R",IF(TAREAS!$I$14="Despliegue documentado","D","L")),"")) | Z15: =IF(TAREAS!$I$14="Propuesta",IF(AND(Z$7>=TAREAS!$G$14,Z$7<=TAREAS!$H$14,CALENDARIO!$C$30=1),"P",""),IF(ISNUMBER(SEARCH(TEXT(Z$7,"yyyy-mm-dd"),TAREAS!$J$14)),IF(TAREAS!$I$14="Registro Git","R",IF(TAREAS!$I$14="Despliegue documentado","D","L")),"")) | AA15: =IF(TAREAS!$I$14="Propuesta",IF(AND(AA$7>=TAREAS!$G$14,AA$7<=TAREAS!$H$14,CALENDARIO!$C$31=1),"P",""),IF(ISNUMBER(SEARCH(TEXT(AA$7,"yyyy-mm-dd"),TAREAS!$J$14)),IF(TAREAS!$I$14="Registro Git","R",IF(TAREAS!$I$14="Despliegue documentado","D","L")),"")) | AB15: =IF(TAREAS!$I$14="Propuesta",IF(AND(AB$7>=TAREAS!$G$14,AB$7<=TAREAS!$H$14,CALENDARIO!$C$32=1),"P",""),IF(ISNUMBER(SEARCH(TEXT(AB$7,"yyyy-mm-dd"),TAREAS!$J$14)),IF(TAREAS!$I$14="Registro Git","R",IF(TAREAS!$I$14="Despliegue documentado","D","L")),"")) | AC15: =IF(TAREAS!$I$14="Propuesta",IF(AND(AC$7>=TAREAS!$G$14,AC$7<=TAREAS!$H$14,CALENDARIO!$C$33=1),"P",""),IF(ISNUMBER(SEARCH(TEXT(AC$7,"yyyy-mm-dd"),TAREAS!$J$14)),IF(TAREAS!$I$14="Registro Git","R",IF(TAREAS!$I$14="Despliegue documentado","D","L")),"")) | AD15: =IF(TAREAS!$I$14="Propuesta",IF(AND(AD$7>=TAREAS!$G$14,AD$7<=TAREAS!$H$14,CALENDARIO!$C$34=1),"P",""),IF(ISNUMBER(SEARCH(TEXT(AD$7,"yyyy-mm-dd"),TAREAS!$J$14)),IF(TAREAS!$I$14="Registro Git","R",IF(TAREAS!$I$14="Despliegue documentado","D","L")),"")) | AE15: =IF(TAREAS!$I$14="Propuesta",IF(AND(AE$7>=TAREAS!$G$14,AE$7<=TAREAS!$H$14,CALENDARIO!$C$35=1),"P",""),IF(ISNUMBER(SEARCH(TEXT(AE$7,"yyyy-mm-dd"),TAREAS!$J$14)),IF(TAREAS!$I$14="Registro Git","R",IF(TAREAS!$I$14="Despliegue documentado","D","L")),"")) | AF15: =IF(TAREAS!$I$14="Propuesta",IF(AND(AF$7>=TAREAS!$G$14,AF$7<=TAREAS!$H$14,CALENDARIO!$C$36=1),"P",""),IF(ISNUMBER(SEARCH(TEXT(AF$7,"yyyy-mm-dd"),TAREAS!$J$14)),IF(TAREAS!$I$14="Registro Git","R",IF(TAREAS!$I$14="Despliegue documentado","D","L")),"")) | AG15: =IF(TAREAS!$I$14="Propuesta",IF(AND(AG$7>=TAREAS!$G$14,AG$7<=TAREAS!$H$14,CALENDARIO!$C$37=1),"P",""),IF(ISNUMBER(SEARCH(TEXT(AG$7,"yyyy-mm-dd"),TAREAS!$J$14)),IF(TAREAS!$I$14="Registro Git","R",IF(TAREAS!$I$14="Despliegue documentado","D","L")),"")) | AH15: =IF(TAREAS!$I$14="Propuesta",IF(AND(AH$7>=TAREAS!$G$14,AH$7<=TAREAS!$H$14,CALENDARIO!$C$38=1),"P",""),IF(ISNUMBER(SEARCH(TEXT(AH$7,"yyyy-mm-dd"),TAREAS!$J$14)),IF(TAREAS!$I$14="Registro Git","R",IF(TAREAS!$I$14="Despliegue documentado","D","L")),""))
A16: =TAREAS!C15 -> HU-G05 · Como responsable, quiero asignar trabajo y supervisar el cumplimiento. | B16: =TAREAS!A15&" · "&TAREAS!D15 -> T-011 · Gestión operativa y roles | C16: =TAREAS!F15 -> yeiserDev | D16: =COUNTIF(E16:AH16,"R")+COUNTIF(E16:AH16,"D")+COUNTIF(E16:AH16,"L")+COUNTIF(E16:AH16,"P") -> 1 | E16: =IF(TAREAS!$I$15="Propuesta",IF(AND(E$7>=TAREAS!$G$15,E$7<=TAREAS!$H$15,CALENDARIO!$C$9=1),"P",""),IF(ISNUMBER(SEARCH(TEXT(E$7,"yyyy-mm-dd"),TAREAS!$J$15)),IF(TAREAS!$I$15="Registro Git","R",IF(TAREAS!$I$15="Despliegue documentado","D","L")),"")) | F16: =IF(TAREAS!$I$15="Propuesta",IF(AND(F$7>=TAREAS!$G$15,F$7<=TAREAS!$H$15,CALENDARIO!$C$10=1),"P",""),IF(ISNUMBER(SEARCH(TEXT(F$7,"yyyy-mm-dd"),TAREAS!$J$15)),IF(TAREAS!$I$15="Registro Git","R",IF(TAREAS!$I$15="Despliegue documentado","D","L")),"")) | G16: =IF(TAREAS!$I$15="Propuesta",IF(AND(G$7>=TAREAS!$G$15,G$7<=TAREAS!$H$15,CALENDARIO!$C$11=1),"P",""),IF(ISNUMBER(SEARCH(TEXT(G$7,"yyyy-mm-dd"),TAREAS!$J$15)),IF(TAREAS!$I$15="Registro Git","R",IF(TAREAS!$I$15="Despliegue documentado","D","L")),"")) | H16: =IF(TAREAS!$I$15="Propuesta",IF(AND(H$7>=TAREAS!$G$15,H$7<=TAREAS!$H$15,CALENDARIO!$C$12=1),"P",""),IF(ISNUMBER(SEARCH(TEXT(H$7,"yyyy-mm-dd"),TAREAS!$J$15)),IF(TAREAS!$I$15="Registro Git","R",IF(TAREAS!$I$15="Despliegue documentado","D","L")),"")) | I16: =IF(TAREAS!$I$15="Propuesta",IF(AND(I$7>=TAREAS!$G$15,I$7<=TAREAS!$H$15,CALENDARIO!$C$13=1),"P",""),IF(ISNUMBER(SEARCH(TEXT(I$7,"yyyy-mm-dd"),TAREAS!$J$15)),IF(TAREAS!$I$15="Registro Git","R",IF(TAREAS!$I$15="Despliegue documentado","D","L")),"")) | J16: =IF(TAREAS!$I$15="Propuesta",IF(AND(J$7>=TAREAS!$G$15,J$7<=TAREAS!$H$15,CALENDARIO!$C$14=1),"P",""),IF(ISNUMBER(SEARCH(TEXT(J$7,"yyyy-mm-dd"),TAREAS!$J$15)),IF(TAREAS!$I$15="Registro Git","R",IF(TAREAS!$I$15="Despliegue documentado","D","L")),"")) | K16: =IF(TAREAS!$I$15="Propuesta",IF(AND(K$7>=TAREAS!$G$15,K$7<=TAREAS!$H$15,CALENDARIO!$C$15=1),"P",""),IF(ISNUMBER(SEARCH(TEXT(K$7,"yyyy-mm-dd"),TAREAS!$J$15)),IF(TAREAS!$I$15="Registro Git","R",IF(TAREAS!$I$15="Despliegue documentado","D","L")),"")) | L16: =IF(TAREAS!$I$15="Propuesta",IF(AND(L$7>=TAREAS!$G$15,L$7<=TAREAS!$H$15,CALENDARIO!$C$16=1),"P",""),IF(ISNUMBER(SEARCH(TEXT(L$7,"yyyy-mm-dd"),TAREAS!$J$15)),IF(TAREAS!$I$15="Registro Git","R",IF(TAREAS!$I$15="Despliegue documentado","D","L")),"")) | M16: =IF(TAREAS!$I$15="Propuesta",IF(AND(M$7>=TAREAS!$G$15,M$7<=TAREAS!$H$15,CALENDARIO!$C$17=1),"P",""),IF(ISNUMBER(SEARCH(TEXT(M$7,"yyyy-mm-dd"),TAREAS!$J$15)),IF(TAREAS!$I$15="Registro Git","R",IF(TAREAS!$I$15="Despliegue documentado","D","L")),"")) | N16: =IF(TAREAS!$I$15="Propuesta",IF(AND(N$7>=TAREAS!$G$15,N$7<=TAREAS!$H$15,CALENDARIO!$C$18=1),"P",""),IF(ISNUMBER(SEARCH(TEXT(N$7,"yyyy-mm-dd"),TAREAS!$J$15)),IF(TAREAS!$I$15="Registro Git","R",IF(TAREAS!$I$15="Despliegue documentado","D","L")),"")) | O16: =IF(TAREAS!$I$15="Propuesta",IF(AND(O$7>=TAREAS!$G$15,O$7<=TAREAS!$H$15,CALENDARIO!$C$19=1),"P",""),IF(ISNUMBER(SEARCH(TEXT(O$7,"yyyy-mm-dd"),TAREAS!$J$15)),IF(TAREAS!$I$15="Registro Git","R",IF(TAREAS!$I$15="Despliegue documentado","D","L")),"")) -> R | P16: =IF(TAREAS!$I$15="Propuesta",IF(AND(P$7>=TAREAS!$G$15,P$7<=TAREAS!$H$15,CALENDARIO!$C$20=1),"P",""),IF(ISNUMBER(SEARCH(TEXT(P$7,"yyyy-mm-dd"),TAREAS!$J$15)),IF(TAREAS!$I$15="Registro Git","R",IF(TAREAS!$I$15="Despliegue documentado","D","L")),"")) | Q16: =IF(TAREAS!$I$15="Propuesta",IF(AND(Q$7>=TAREAS!$G$15,Q$7<=TAREAS!$H$15,CALENDARIO!$C$21=1),"P",""),IF(ISNUMBER(SEARCH(TEXT(Q$7,"yyyy-mm-dd"),TAREAS!$J$15)),IF(TAREAS!$I$15="Registro Git","R",IF(TAREAS!$I$15="Despliegue documentado","D","L")),"")) | R16: =IF(TAREAS!$I$15="Propuesta",IF(AND(R$7>=TAREAS!$G$15,R$7<=TAREAS!$H$15,CALENDARIO!$C$22=1),"P",""),IF(ISNUMBER(SEARCH(TEXT(R$7,"yyyy-mm-dd"),TAREAS!$J$15)),IF(TAREAS!$I$15="Registro Git","R",IF(TAREAS!$I$15="Despliegue documentado","D","L")),"")) | S16: =IF(TAREAS!$I$15="Propuesta",IF(AND(S$7>=TAREAS!$G$15,S$7<=TAREAS!$H$15,CALENDARIO!$C$23=1),"P",""),IF(ISNUMBER(SEARCH(TEXT(S$7,"yyyy-mm-dd"),TAREAS!$J$15)),IF(TAREAS!$I$15="Registro Git","R",IF(TAREAS!$I$15="Despliegue documentado","D","L")),"")) | T16: =IF(TAREAS!$I$15="Propuesta",IF(AND(T$7>=TAREAS!$G$15,T$7<=TAREAS!$H$15,CALENDARIO!$C$24=1),"P",""),IF(ISNUMBER(SEARCH(TEXT(T$7,"yyyy-mm-dd"),TAREAS!$J$15)),IF(TAREAS!$I$15="Registro Git","R",IF(TAREAS!$I$15="Despliegue documentado","D","L")),"")) | U16: =IF(TAREAS!$I$15="Propuesta",IF(AND(U$7>=TAREAS!$G$15,U$7<=TAREAS!$H$15,CALENDARIO!$C$25=1),"P",""),IF(ISNUMBER(SEARCH(TEXT(U$7,"yyyy-mm-dd"),TAREAS!$J$15)),IF(TAREAS!$I$15="Registro Git","R",IF(TAREAS!$I$15="Despliegue documentado","D","L")),"")) | V16: =IF(TAREAS!$I$15="Propuesta",IF(AND(V$7>=TAREAS!$G$15,V$7<=TAREAS!$H$15,CALENDARIO!$C$26=1),"P",""),IF(ISNUMBER(SEARCH(TEXT(V$7,"yyyy-mm-dd"),TAREAS!$J$15)),IF(TAREAS!$I$15="Registro Git","R",IF(TAREAS!$I$15="Despliegue documentado","D","L")),"")) | W16: =IF(TAREAS!$I$15="Propuesta",IF(AND(W$7>=TAREAS!$G$15,W$7<=TAREAS!$H$15,CALENDARIO!$C$27=1),"P",""),IF(ISNUMBER(SEARCH(TEXT(W$7,"yyyy-mm-dd"),TAREAS!$J$15)),IF(TAREAS!$I$15="Registro Git","R",IF(TAREAS!$I$15="Despliegue documentado","D","L")),"")) | X16: =IF(TAREAS!$I$15="Propuesta",IF(AND(X$7>=TAREAS!$G$15,X$7<=TAREAS!$H$15,CALENDARIO!$C$28=1),"P",""),IF(ISNUMBER(SEARCH(TEXT(X$7,"yyyy-mm-dd"),TAREAS!$J$15)),IF(TAREAS!$I$15="Registro Git","R",IF(TAREAS!$I$15="Despliegue documentado","D","L")),"")) | Y16: =IF(TAREAS!$I$15="Propuesta",IF(AND(Y$7>=TAREAS!$G$15,Y$7<=TAREAS!$H$15,CALENDARIO!$C$29=1),"P",""),IF(ISNUMBER(SEARCH(TEXT(Y$7,"yyyy-mm-dd"),TAREAS!$J$15)),IF(TAREAS!$I$15="Registro Git","R",IF(TAREAS!$I$15="Despliegue documentado","D","L")),"")) | Z16: =IF(TAREAS!$I$15="Propuesta",IF(AND(Z$7>=TAREAS!$G$15,Z$7<=TAREAS!$H$15,CALENDARIO!$C$30=1),"P",""),IF(ISNUMBER(SEARCH(TEXT(Z$7,"yyyy-mm-dd"),TAREAS!$J$15)),IF(TAREAS!$I$15="Registro Git","R",IF(TAREAS!$I$15="Despliegue documentado","D","L")),"")) | AA16: =IF(TAREAS!$I$15="Propuesta",IF(AND(AA$7>=TAREAS!$G$15,AA$7<=TAREAS!$H$15,CALENDARIO!$C$31=1),"P",""),IF(ISNUMBER(SEARCH(TEXT(AA$7,"yyyy-mm-dd"),TAREAS!$J$15)),IF(TAREAS!$I$15="Registro Git","R",IF(TAREAS!$I$15="Despliegue documentado","D","L")),"")) | AB16: =IF(TAREAS!$I$15="Propuesta",IF(AND(AB$7>=TAREAS!$G$15,AB$7<=TAREAS!$H$15,CALENDARIO!$C$32=1),"P",""),IF(ISNUMBER(SEARCH(TEXT(AB$7,"yyyy-mm-dd"),TAREAS!$J$15)),IF(TAREAS!$I$15="Registro Git","R",IF(TAREAS!$I$15="Despliegue documentado","D","L")),"")) | AC16: =IF(TAREAS!$I$15="Propuesta",IF(AND(AC$7>=TAREAS!$G$15,AC$7<=TAREAS!$H$15,CALENDARIO!$C$33=1),"P",""),IF(ISNUMBER(SEARCH(TEXT(AC$7,"yyyy-mm-dd"),TAREAS!$J$15)),IF(TAREAS!$I$15="Registro Git","R",IF(TAREAS!$I$15="Despliegue documentado","D","L")),"")) | AD16: =IF(TAREAS!$I$15="Propuesta",IF(AND(AD$7>=TAREAS!$G$15,AD$7<=TAREAS!$H$15,CALENDARIO!$C$34=1),"P",""),IF(ISNUMBER(SEARCH(TEXT(AD$7,"yyyy-mm-dd"),TAREAS!$J$15)),IF(TAREAS!$I$15="Registro Git","R",IF(TAREAS!$I$15="Despliegue documentado","D","L")),"")) | AE16: =IF(TAREAS!$I$15="Propuesta",IF(AND(AE$7>=TAREAS!$G$15,AE$7<=TAREAS!$H$15,CALENDARIO!$C$35=1),"P",""),IF(ISNUMBER(SEARCH(TEXT(AE$7,"yyyy-mm-dd"),TAREAS!$J$15)),IF(TAREAS!$I$15="Registro Git","R",IF(TAREAS!$I$15="Despliegue documentado","D","L")),"")) | AF16: =IF(TAREAS!$I$15="Propuesta",IF(AND(AF$7>=TAREAS!$G$15,AF$7<=TAREAS!$H$15,CALENDARIO!$C$36=1),"P",""),IF(ISNUMBER(SEARCH(TEXT(AF$7,"yyyy-mm-dd"),TAREAS!$J$15)),IF(TAREAS!$I$15="Registro Git","R",IF(TAREAS!$I$15="Despliegue documentado","D","L")),"")) | AG16: =IF(TAREAS!$I$15="Propuesta",IF(AND(AG$7>=TAREAS!$G$15,AG$7<=TAREAS!$H$15,CALENDARIO!$C$37=1),"P",""),IF(ISNUMBER(SEARCH(TEXT(AG$7,"yyyy-mm-dd"),TAREAS!$J$15)),IF(TAREAS!$I$15="Registro Git","R",IF(TAREAS!$I$15="Despliegue documentado","D","L")),"")) | AH16: =IF(TAREAS!$I$15="Propuesta",IF(AND(AH$7>=TAREAS!$G$15,AH$7<=TAREAS!$H$15,CALENDARIO!$C$38=1),"P",""),IF(ISNUMBER(SEARCH(TEXT(AH$7,"yyyy-mm-dd"),TAREAS!$J$15)),IF(TAREAS!$I$15="Registro Git","R",IF(TAREAS!$I$15="Despliegue documentado","D","L")),""))
A17: =TAREAS!C16 -> HU-G07 · Como Marketing, quiero revisar y preparar publicaciones autorizadas. | B17: =TAREAS!A16&" · "&TAREAS!D16 -> T-012 · Activación técnica parcial de Marketing documentada | C17: =TAREAS!F16 -> Por confirmar | D17: =COUNTIF(E17:AH17,"R")+COUNTIF(E17:AH17,"D")+COUNTIF(E17:AH17,"L")+COUNTIF(E17:AH17,"P") -> 1 | E17: =IF(TAREAS!$I$16="Propuesta",IF(AND(E$7>=TAREAS!$G$16,E$7<=TAREAS!$H$16,CALENDARIO!$C$9=1),"P",""),IF(ISNUMBER(SEARCH(TEXT(E$7,"yyyy-mm-dd"),TAREAS!$J$16)),IF(TAREAS!$I$16="Registro Git","R",IF(TAREAS!$I$16="Despliegue documentado","D","L")),"")) | F17: =IF(TAREAS!$I$16="Propuesta",IF(AND(F$7>=TAREAS!$G$16,F$7<=TAREAS!$H$16,CALENDARIO!$C$10=1),"P",""),IF(ISNUMBER(SEARCH(TEXT(F$7,"yyyy-mm-dd"),TAREAS!$J$16)),IF(TAREAS!$I$16="Registro Git","R",IF(TAREAS!$I$16="Despliegue documentado","D","L")),"")) | G17: =IF(TAREAS!$I$16="Propuesta",IF(AND(G$7>=TAREAS!$G$16,G$7<=TAREAS!$H$16,CALENDARIO!$C$11=1),"P",""),IF(ISNUMBER(SEARCH(TEXT(G$7,"yyyy-mm-dd"),TAREAS!$J$16)),IF(TAREAS!$I$16="Registro Git","R",IF(TAREAS!$I$16="Despliegue documentado","D","L")),"")) | H17: =IF(TAREAS!$I$16="Propuesta",IF(AND(H$7>=TAREAS!$G$16,H$7<=TAREAS!$H$16,CALENDARIO!$C$12=1),"P",""),IF(ISNUMBER(SEARCH(TEXT(H$7,"yyyy-mm-dd"),TAREAS!$J$16)),IF(TAREAS!$I$16="Registro Git","R",IF(TAREAS!$I$16="Despliegue documentado","D","L")),"")) | I17: =IF(TAREAS!$I$16="Propuesta",IF(AND(I$7>=TAREAS!$G$16,I$7<=TAREAS!$H$16,CALENDARIO!$C$13=1),"P",""),IF(ISNUMBER(SEARCH(TEXT(I$7,"yyyy-mm-dd"),TAREAS!$J$16)),IF(TAREAS!$I$16="Registro Git","R",IF(TAREAS!$I$16="Despliegue documentado","D","L")),"")) | J17: =IF(TAREAS!$I$16="Propuesta",IF(AND(J$7>=TAREAS!$G$16,J$7<=TAREAS!$H$16,CALENDARIO!$C$14=1),"P",""),IF(ISNUMBER(SEARCH(TEXT(J$7,"yyyy-mm-dd"),TAREAS!$J$16)),IF(TAREAS!$I$16="Registro Git","R",IF(TAREAS!$I$16="Despliegue documentado","D","L")),"")) | K17: =IF(TAREAS!$I$16="Propuesta",IF(AND(K$7>=TAREAS!$G$16,K$7<=TAREAS!$H$16,CALENDARIO!$C$15=1),"P",""),IF(ISNUMBER(SEARCH(TEXT(K$7,"yyyy-mm-dd"),TAREAS!$J$16)),IF(TAREAS!$I$16="Registro Git","R",IF(TAREAS!$I$16="Despliegue documentado","D","L")),"")) | L17: =IF(TAREAS!$I$16="Propuesta",IF(AND(L$7>=TAREAS!$G$16,L$7<=TAREAS!$H$16,CALENDARIO!$C$16=1),"P",""),IF(ISNUMBER(SEARCH(TEXT(L$7,"yyyy-mm-dd"),TAREAS!$J$16)),IF(TAREAS!$I$16="Registro Git","R",IF(TAREAS!$I$16="Despliegue documentado","D","L")),"")) | M17: =IF(TAREAS!$I$16="Propuesta",IF(AND(M$7>=TAREAS!$G$16,M$7<=TAREAS!$H$16,CALENDARIO!$C$17=1),"P",""),IF(ISNUMBER(SEARCH(TEXT(M$7,"yyyy-mm-dd"),TAREAS!$J$16)),IF(TAREAS!$I$16="Registro Git","R",IF(TAREAS!$I$16="Despliegue documentado","D","L")),"")) | N17: =IF(TAREAS!$I$16="Propuesta",IF(AND(N$7>=TAREAS!$G$16,N$7<=TAREAS!$H$16,CALENDARIO!$C$18=1),"P",""),IF(ISNUMBER(SEARCH(TEXT(N$7,"yyyy-mm-dd"),TAREAS!$J$16)),IF(TAREAS!$I$16="Registro Git","R",IF(TAREAS!$I$16="Despliegue documentado","D","L")),"")) | O17: =IF(TAREAS!$I$16="Propuesta",IF(AND(O$7>=TAREAS!$G$16,O$7<=TAREAS!$H$16,CALENDARIO!$C$19=1),"P",""),IF(ISNUMBER(SEARCH(TEXT(O$7,"yyyy-mm-dd"),TAREAS!$J$16)),IF(TAREAS!$I$16="Registro Git","R",IF(TAREAS!$I$16="Despliegue documentado","D","L")),"")) | P17: =IF(TAREAS!$I$16="Propuesta",IF(AND(P$7>=TAREAS!$G$16,P$7<=TAREAS!$H$16,CALENDARIO!$C$20=1),"P",""),IF(ISNUMBER(SEARCH(TEXT(P$7,"yyyy-mm-dd"),TAREAS!$J$16)),IF(TAREAS!$I$16="Registro Git","R",IF(TAREAS!$I$16="Despliegue documentado","D","L")),"")) -> D | Q17: =IF(TAREAS!$I$16="Propuesta",IF(AND(Q$7>=TAREAS!$G$16,Q$7<=TAREAS!$H$16,CALENDARIO!$C$21=1),"P",""),IF(ISNUMBER(SEARCH(TEXT(Q$7,"yyyy-mm-dd"),TAREAS!$J$16)),IF(TAREAS!$I$16="Registro Git","R",IF(TAREAS!$I$16="Despliegue documentado","D","L")),"")) | R17: =IF(TAREAS!$I$16="Propuesta",IF(AND(R$7>=TAREAS!$G$16,R$7<=TAREAS!$H$16,CALENDARIO!$C$22=1),"P",""),IF(ISNUMBER(SEARCH(TEXT(R$7,"yyyy-mm-dd"),TAREAS!$J$16)),IF(TAREAS!$I$16="Registro Git","R",IF(TAREAS!$I$16="Despliegue documentado","D","L")),"")) | S17: =IF(TAREAS!$I$16="Propuesta",IF(AND(S$7>=TAREAS!$G$16,S$7<=TAREAS!$H$16,CALENDARIO!$C$23=1),"P",""),IF(ISNUMBER(SEARCH(TEXT(S$7,"yyyy-mm-dd"),TAREAS!$J$16)),IF(TAREAS!$I$16="Registro Git","R",IF(TAREAS!$I$16="Despliegue documentado","D","L")),"")) | T17: =IF(TAREAS!$I$16="Propuesta",IF(AND(T$7>=TAREAS!$G$16,T$7<=TAREAS!$H$16,CALENDARIO!$C$24=1),"P",""),IF(ISNUMBER(SEARCH(TEXT(T$7,"yyyy-mm-dd"),TAREAS!$J$16)),IF(TAREAS!$I$16="Registro Git","R",IF(TAREAS!$I$16="Despliegue documentado","D","L")),"")) | U17: =IF(TAREAS!$I$16="Propuesta",IF(AND(U$7>=TAREAS!$G$16,U$7<=TAREAS!$H$16,CALENDARIO!$C$25=1),"P",""),IF(ISNUMBER(SEARCH(TEXT(U$7,"yyyy-mm-dd"),TAREAS!$J$16)),IF(TAREAS!$I$16="Registro Git","R",IF(TAREAS!$I$16="Despliegue documentado","D","L")),"")) | V17: =IF(TAREAS!$I$16="Propuesta",IF(AND(V$7>=TAREAS!$G$16,V$7<=TAREAS!$H$16,CALENDARIO!$C$26=1),"P",""),IF(ISNUMBER(SEARCH(TEXT(V$7,"yyyy-mm-dd"),TAREAS!$J$16)),IF(TAREAS!$I$16="Registro Git","R",IF(TAREAS!$I$16="Despliegue documentado","D","L")),"")) | W17: =IF(TAREAS!$I$16="Propuesta",IF(AND(W$7>=TAREAS!$G$16,W$7<=TAREAS!$H$16,CALENDARIO!$C$27=1),"P",""),IF(ISNUMBER(SEARCH(TEXT(W$7,"yyyy-mm-dd"),TAREAS!$J$16)),IF(TAREAS!$I$16="Registro Git","R",IF(TAREAS!$I$16="Despliegue documentado","D","L")),"")) | X17: =IF(TAREAS!$I$16="Propuesta",IF(AND(X$7>=TAREAS!$G$16,X$7<=TAREAS!$H$16,CALENDARIO!$C$28=1),"P",""),IF(ISNUMBER(SEARCH(TEXT(X$7,"yyyy-mm-dd"),TAREAS!$J$16)),IF(TAREAS!$I$16="Registro Git","R",IF(TAREAS!$I$16="Despliegue documentado","D","L")),"")) | Y17: =IF(TAREAS!$I$16="Propuesta",IF(AND(Y$7>=TAREAS!$G$16,Y$7<=TAREAS!$H$16,CALENDARIO!$C$29=1),"P",""),IF(ISNUMBER(SEARCH(TEXT(Y$7,"yyyy-mm-dd"),TAREAS!$J$16)),IF(TAREAS!$I$16="Registro Git","R",IF(TAREAS!$I$16="Despliegue documentado","D","L")),"")) | Z17: =IF(TAREAS!$I$16="Propuesta",IF(AND(Z$7>=TAREAS!$G$16,Z$7<=TAREAS!$H$16,CALENDARIO!$C$30=1),"P",""),IF(ISNUMBER(SEARCH(TEXT(Z$7,"yyyy-mm-dd"),TAREAS!$J$16)),IF(TAREAS!$I$16="Registro Git","R",IF(TAREAS!$I$16="Despliegue documentado","D","L")),"")) | AA17: =IF(TAREAS!$I$16="Propuesta",IF(AND(AA$7>=TAREAS!$G$16,AA$7<=TAREAS!$H$16,CALENDARIO!$C$31=1),"P",""),IF(ISNUMBER(SEARCH(TEXT(AA$7,"yyyy-mm-dd"),TAREAS!$J$16)),IF(TAREAS!$I$16="Registro Git","R",IF(TAREAS!$I$16="Despliegue documentado","D","L")),"")) | AB17: =IF(TAREAS!$I$16="Propuesta",IF(AND(AB$7>=TAREAS!$G$16,AB$7<=TAREAS!$H$16,CALENDARIO!$C$32=1),"P",""),IF(ISNUMBER(SEARCH(TEXT(AB$7,"yyyy-mm-dd"),TAREAS!$J$16)),IF(TAREAS!$I$16="Registro Git","R",IF(TAREAS!$I$16="Despliegue documentado","D","L")),"")) | AC17: =IF(TAREAS!$I$16="Propuesta",IF(AND(AC$7>=TAREAS!$G$16,AC$7<=TAREAS!$H$16,CALENDARIO!$C$33=1),"P",""),IF(ISNUMBER(SEARCH(TEXT(AC$7,"yyyy-mm-dd"),TAREAS!$J$16)),IF(TAREAS!$I$16="Registro Git","R",IF(TAREAS!$I$16="Despliegue documentado","D","L")),"")) | AD17: =IF(TAREAS!$I$16="Propuesta",IF(AND(AD$7>=TAREAS!$G$16,AD$7<=TAREAS!$H$16,CALENDARIO!$C$34=1),"P",""),IF(ISNUMBER(SEARCH(TEXT(AD$7,"yyyy-mm-dd"),TAREAS!$J$16)),IF(TAREAS!$I$16="Registro Git","R",IF(TAREAS!$I$16="Despliegue documentado","D","L")),"")) | AE17: =IF(TAREAS!$I$16="Propuesta",IF(AND(AE$7>=TAREAS!$G$16,AE$7<=TAREAS!$H$16,CALENDARIO!$C$35=1),"P",""),IF(ISNUMBER(SEARCH(TEXT(AE$7,"yyyy-mm-dd"),TAREAS!$J$16)),IF(TAREAS!$I$16="Registro Git","R",IF(TAREAS!$I$16="Despliegue documentado","D","L")),"")) | AF17: =IF(TAREAS!$I$16="Propuesta",IF(AND(AF$7>=TAREAS!$G$16,AF$7<=TAREAS!$H$16,CALENDARIO!$C$36=1),"P",""),IF(ISNUMBER(SEARCH(TEXT(AF$7,"yyyy-mm-dd"),TAREAS!$J$16)),IF(TAREAS!$I$16="Registro Git","R",IF(TAREAS!$I$16="Despliegue documentado","D","L")),"")) | AG17: =IF(TAREAS!$I$16="Propuesta",IF(AND(AG$7>=TAREAS!$G$16,AG$7<=TAREAS!$H$16,CALENDARIO!$C$37=1),"P",""),IF(ISNUMBER(SEARCH(TEXT(AG$7,"yyyy-mm-dd"),TAREAS!$J$16)),IF(TAREAS!$I$16="Registro Git","R",IF(TAREAS!$I$16="Despliegue documentado","D","L")),"")) | AH17: =IF(TAREAS!$I$16="Propuesta",IF(AND(AH$7>=TAREAS!$G$16,AH$7<=TAREAS!$H$16,CALENDARIO!$C$38=1),"P",""),IF(ISNUMBER(SEARCH(TEXT(AH$7,"yyyy-mm-dd"),TAREAS!$J$16)),IF(TAREAS!$I$16="Registro Git","R",IF(TAREAS!$I$16="Despliegue documentado","D","L")),""))
A18: =TAREAS!C17 -> HU-G06 · Como usuario, quiero comunicarme con mi equipo y consultar avisos. | B18: =TAREAS!A17&" · "&TAREAS!D17 -> T-013 · Integración de chat privado y ajustes móviles | C18: =TAREAS!F17 -> yeiserDev | D18: =COUNTIF(E18:AH18,"R")+COUNTIF(E18:AH18,"D")+COUNTIF(E18:AH18,"L")+COUNTIF(E18:AH18,"P") -> 1 | E18: =IF(TAREAS!$I$17="Propuesta",IF(AND(E$7>=TAREAS!$G$17,E$7<=TAREAS!$H$17,CALENDARIO!$C$9=1),"P",""),IF(ISNUMBER(SEARCH(TEXT(E$7,"yyyy-mm-dd"),TAREAS!$J$17)),IF(TAREAS!$I$17="Registro Git","R",IF(TAREAS!$I$17="Despliegue documentado","D","L")),"")) | F18: =IF(TAREAS!$I$17="Propuesta",IF(AND(F$7>=TAREAS!$G$17,F$7<=TAREAS!$H$17,CALENDARIO!$C$10=1),"P",""),IF(ISNUMBER(SEARCH(TEXT(F$7,"yyyy-mm-dd"),TAREAS!$J$17)),IF(TAREAS!$I$17="Registro Git","R",IF(TAREAS!$I$17="Despliegue documentado","D","L")),"")) | G18: =IF(TAREAS!$I$17="Propuesta",IF(AND(G$7>=TAREAS!$G$17,G$7<=TAREAS!$H$17,CALENDARIO!$C$11=1),"P",""),IF(ISNUMBER(SEARCH(TEXT(G$7,"yyyy-mm-dd"),TAREAS!$J$17)),IF(TAREAS!$I$17="Registro Git","R",IF(TAREAS!$I$17="Despliegue documentado","D","L")),"")) | H18: =IF(TAREAS!$I$17="Propuesta",IF(AND(H$7>=TAREAS!$G$17,H$7<=TAREAS!$H$17,CALENDARIO!$C$12=1),"P",""),IF(ISNUMBER(SEARCH(TEXT(H$7,"yyyy-mm-dd"),TAREAS!$J$17)),IF(TAREAS!$I$17="Registro Git","R",IF(TAREAS!$I$17="Despliegue documentado","D","L")),"")) | I18: =IF(TAREAS!$I$17="Propuesta",IF(AND(I$7>=TAREAS!$G$17,I$7<=TAREAS!$H$17,CALENDARIO!$C$13=1),"P",""),IF(ISNUMBER(SEARCH(TEXT(I$7,"yyyy-mm-dd"),TAREAS!$J$17)),IF(TAREAS!$I$17="Registro Git","R",IF(TAREAS!$I$17="Despliegue documentado","D","L")),"")) | J18: =IF(TAREAS!$I$17="Propuesta",IF(AND(J$7>=TAREAS!$G$17,J$7<=TAREAS!$H$17,CALENDARIO!$C$14=1),"P",""),IF(ISNUMBER(SEARCH(TEXT(J$7,"yyyy-mm-dd"),TAREAS!$J$17)),IF(TAREAS!$I$17="Registro Git","R",IF(TAREAS!$I$17="Despliegue documentado","D","L")),"")) | K18: =IF(TAREAS!$I$17="Propuesta",IF(AND(K$7>=TAREAS!$G$17,K$7<=TAREAS!$H$17,CALENDARIO!$C$15=1),"P",""),IF(ISNUMBER(SEARCH(TEXT(K$7,"yyyy-mm-dd"),TAREAS!$J$17)),IF(TAREAS!$I$17="Registro Git","R",IF(TAREAS!$I$17="Despliegue documentado","D","L")),"")) | L18: =IF(TAREAS!$I$17="Propuesta",IF(AND(L$7>=TAREAS!$G$17,L$7<=TAREAS!$H$17,CALENDARIO!$C$16=1),"P",""),IF(ISNUMBER(SEARCH(TEXT(L$7,"yyyy-mm-dd"),TAREAS!$J$17)),IF(TAREAS!$I$17="Registro Git","R",IF(TAREAS!$I$17="Despliegue documentado","D","L")),"")) | M18: =IF(TAREAS!$I$17="Propuesta",IF(AND(M$7>=TAREAS!$G$17,M$7<=TAREAS!$H$17,CALENDARIO!$C$17=1),"P",""),IF(ISNUMBER(SEARCH(TEXT(M$7,"yyyy-mm-dd"),TAREAS!$J$17)),IF(TAREAS!$I$17="Registro Git","R",IF(TAREAS!$I$17="Despliegue documentado","D","L")),"")) | N18: =IF(TAREAS!$I$17="Propuesta",IF(AND(N$7>=TAREAS!$G$17,N$7<=TAREAS!$H$17,CALENDARIO!$C$18=1),"P",""),IF(ISNUMBER(SEARCH(TEXT(N$7,"yyyy-mm-dd"),TAREAS!$J$17)),IF(TAREAS!$I$17="Registro Git","R",IF(TAREAS!$I$17="Despliegue documentado","D","L")),"")) | O18: =IF(TAREAS!$I$17="Propuesta",IF(AND(O$7>=TAREAS!$G$17,O$7<=TAREAS!$H$17,CALENDARIO!$C$19=1),"P",""),IF(ISNUMBER(SEARCH(TEXT(O$7,"yyyy-mm-dd"),TAREAS!$J$17)),IF(TAREAS!$I$17="Registro Git","R",IF(TAREAS!$I$17="Despliegue documentado","D","L")),"")) | P18: =IF(TAREAS!$I$17="Propuesta",IF(AND(P$7>=TAREAS!$G$17,P$7<=TAREAS!$H$17,CALENDARIO!$C$20=1),"P",""),IF(ISNUMBER(SEARCH(TEXT(P$7,"yyyy-mm-dd"),TAREAS!$J$17)),IF(TAREAS!$I$17="Registro Git","R",IF(TAREAS!$I$17="Despliegue documentado","D","L")),"")) | Q18: =IF(TAREAS!$I$17="Propuesta",IF(AND(Q$7>=TAREAS!$G$17,Q$7<=TAREAS!$H$17,CALENDARIO!$C$21=1),"P",""),IF(ISNUMBER(SEARCH(TEXT(Q$7,"yyyy-mm-dd"),TAREAS!$J$17)),IF(TAREAS!$I$17="Registro Git","R",IF(TAREAS!$I$17="Despliegue documentado","D","L")),"")) -> R | R18: =IF(TAREAS!$I$17="Propuesta",IF(AND(R$7>=TAREAS!$G$17,R$7<=TAREAS!$H$17,CALENDARIO!$C$22=1),"P",""),IF(ISNUMBER(SEARCH(TEXT(R$7,"yyyy-mm-dd"),TAREAS!$J$17)),IF(TAREAS!$I$17="Registro Git","R",IF(TAREAS!$I$17="Despliegue documentado","D","L")),"")) | S18: =IF(TAREAS!$I$17="Propuesta",IF(AND(S$7>=TAREAS!$G$17,S$7<=TAREAS!$H$17,CALENDARIO!$C$23=1),"P",""),IF(ISNUMBER(SEARCH(TEXT(S$7,"yyyy-mm-dd"),TAREAS!$J$17)),IF(TAREAS!$I$17="Registro Git","R",IF(TAREAS!$I$17="Despliegue documentado","D","L")),"")) | T18: =IF(TAREAS!$I$17="Propuesta",IF(AND(T$7>=TAREAS!$G$17,T$7<=TAREAS!$H$17,CALENDARIO!$C$24=1),"P",""),IF(ISNUMBER(SEARCH(TEXT(T$7,"yyyy-mm-dd"),TAREAS!$J$17)),IF(TAREAS!$I$17="Registro Git","R",IF(TAREAS!$I$17="Despliegue documentado","D","L")),"")) | U18: =IF(TAREAS!$I$17="Propuesta",IF(AND(U$7>=TAREAS!$G$17,U$7<=TAREAS!$H$17,CALENDARIO!$C$25=1),"P",""),IF(ISNUMBER(SEARCH(TEXT(U$7,"yyyy-mm-dd"),TAREAS!$J$17)),IF(TAREAS!$I$17="Registro Git","R",IF(TAREAS!$I$17="Despliegue documentado","D","L")),"")) | V18: =IF(TAREAS!$I$17="Propuesta",IF(AND(V$7>=TAREAS!$G$17,V$7<=TAREAS!$H$17,CALENDARIO!$C$26=1),"P",""),IF(ISNUMBER(SEARCH(TEXT(V$7,"yyyy-mm-dd"),TAREAS!$J$17)),IF(TAREAS!$I$17="Registro Git","R",IF(TAREAS!$I$17="Despliegue documentado","D","L")),"")) | W18: =IF(TAREAS!$I$17="Propuesta",IF(AND(W$7>=TAREAS!$G$17,W$7<=TAREAS!$H$17,CALENDARIO!$C$27=1),"P",""),IF(ISNUMBER(SEARCH(TEXT(W$7,"yyyy-mm-dd"),TAREAS!$J$17)),IF(TAREAS!$I$17="Registro Git","R",IF(TAREAS!$I$17="Despliegue documentado","D","L")),"")) | X18: =IF(TAREAS!$I$17="Propuesta",IF(AND(X$7>=TAREAS!$G$17,X$7<=TAREAS!$H$17,CALENDARIO!$C$28=1),"P",""),IF(ISNUMBER(SEARCH(TEXT(X$7,"yyyy-mm-dd"),TAREAS!$J$17)),IF(TAREAS!$I$17="Registro Git","R",IF(TAREAS!$I$17="Despliegue documentado","D","L")),"")) | Y18: =IF(TAREAS!$I$17="Propuesta",IF(AND(Y$7>=TAREAS!$G$17,Y$7<=TAREAS!$H$17,CALENDARIO!$C$29=1),"P",""),IF(ISNUMBER(SEARCH(TEXT(Y$7,"yyyy-mm-dd"),TAREAS!$J$17)),IF(TAREAS!$I$17="Registro Git","R",IF(TAREAS!$I$17="Despliegue documentado","D","L")),"")) | Z18: =IF(TAREAS!$I$17="Propuesta",IF(AND(Z$7>=TAREAS!$G$17,Z$7<=TAREAS!$H$17,CALENDARIO!$C$30=1),"P",""),IF(ISNUMBER(SEARCH(TEXT(Z$7,"yyyy-mm-dd"),TAREAS!$J$17)),IF(TAREAS!$I$17="Registro Git","R",IF(TAREAS!$I$17="Despliegue documentado","D","L")),"")) | AA18: =IF(TAREAS!$I$17="Propuesta",IF(AND(AA$7>=TAREAS!$G$17,AA$7<=TAREAS!$H$17,CALENDARIO!$C$31=1),"P",""),IF(ISNUMBER(SEARCH(TEXT(AA$7,"yyyy-mm-dd"),TAREAS!$J$17)),IF(TAREAS!$I$17="Registro Git","R",IF(TAREAS!$I$17="Despliegue documentado","D","L")),"")) | AB18: =IF(TAREAS!$I$17="Propuesta",IF(AND(AB$7>=TAREAS!$G$17,AB$7<=TAREAS!$H$17,CALENDARIO!$C$32=1),"P",""),IF(ISNUMBER(SEARCH(TEXT(AB$7,"yyyy-mm-dd"),TAREAS!$J$17)),IF(TAREAS!$I$17="Registro Git","R",IF(TAREAS!$I$17="Despliegue documentado","D","L")),"")) | AC18: =IF(TAREAS!$I$17="Propuesta",IF(AND(AC$7>=TAREAS!$G$17,AC$7<=TAREAS!$H$17,CALENDARIO!$C$33=1),"P",""),IF(ISNUMBER(SEARCH(TEXT(AC$7,"yyyy-mm-dd"),TAREAS!$J$17)),IF(TAREAS!$I$17="Registro Git","R",IF(TAREAS!$I$17="Despliegue documentado","D","L")),"")) | AD18: =IF(TAREAS!$I$17="Propuesta",IF(AND(AD$7>=TAREAS!$G$17,AD$7<=TAREAS!$H$17,CALENDARIO!$C$34=1),"P",""),IF(ISNUMBER(SEARCH(TEXT(AD$7,"yyyy-mm-dd"),TAREAS!$J$17)),IF(TAREAS!$I$17="Registro Git","R",IF(TAREAS!$I$17="Despliegue documentado","D","L")),"")) | AE18: =IF(TAREAS!$I$17="Propuesta",IF(AND(AE$7>=TAREAS!$G$17,AE$7<=TAREAS!$H$17,CALENDARIO!$C$35=1),"P",""),IF(ISNUMBER(SEARCH(TEXT(AE$7,"yyyy-mm-dd"),TAREAS!$J$17)),IF(TAREAS!$I$17="Registro Git","R",IF(TAREAS!$I$17="Despliegue documentado","D","L")),"")) | AF18: =IF(TAREAS!$I$17="Propuesta",IF(AND(AF$7>=TAREAS!$G$17,AF$7<=TAREAS!$H$17,CALENDARIO!$C$36=1),"P",""),IF(ISNUMBER(SEARCH(TEXT(AF$7,"yyyy-mm-dd"),TAREAS!$J$17)),IF(TAREAS!$I$17="Registro Git","R",IF(TAREAS!$I$17="Despliegue documentado","D","L")),"")) | AG18: =IF(TAREAS!$I$17="Propuesta",IF(AND(AG$7>=TAREAS!$G$17,AG$7<=TAREAS!$H$17,CALENDARIO!$C$37=1),"P",""),IF(ISNUMBER(SEARCH(TEXT(AG$7,"yyyy-mm-dd"),TAREAS!$J$17)),IF(TAREAS!$I$17="Registro Git","R",IF(TAREAS!$I$17="Despliegue documentado","D","L")),"")) | AH18: =IF(TAREAS!$I$17="Propuesta",IF(AND(AH$7>=TAREAS!$G$17,AH$7<=TAREAS!$H$17,CALENDARIO!$C$38=1),"P",""),IF(ISNUMBER(SEARCH(TEXT(AH$7,"yyyy-mm-dd"),TAREAS!$J$17)),IF(TAREAS!$I$17="Registro Git","R",IF(TAREAS!$I$17="Despliegue documentado","D","L")),""))
A19: =TAREAS!C18 -> HU-G07 · Como Marketing, quiero revisar y preparar publicaciones autorizadas. | B19: =TAREAS!A18&" · "&TAREAS!D18 -> T-014 · Integración del editor de publicaciones | C19: =TAREAS!F18 -> yeiserDev | D19: =COUNTIF(E19:AH19,"R")+COUNTIF(E19:AH19,"D")+COUNTIF(E19:AH19,"L")+COUNTIF(E19:AH19,"P") -> 1 | E19: =IF(TAREAS!$I$18="Propuesta",IF(AND(E$7>=TAREAS!$G$18,E$7<=TAREAS!$H$18,CALENDARIO!$C$9=1),"P",""),IF(ISNUMBER(SEARCH(TEXT(E$7,"yyyy-mm-dd"),TAREAS!$J$18)),IF(TAREAS!$I$18="Registro Git","R",IF(TAREAS!$I$18="Despliegue documentado","D","L")),"")) | F19: =IF(TAREAS!$I$18="Propuesta",IF(AND(F$7>=TAREAS!$G$18,F$7<=TAREAS!$H$18,CALENDARIO!$C$10=1),"P",""),IF(ISNUMBER(SEARCH(TEXT(F$7,"yyyy-mm-dd"),TAREAS!$J$18)),IF(TAREAS!$I$18="Registro Git","R",IF(TAREAS!$I$18="Despliegue documentado","D","L")),"")) | G19: =IF(TAREAS!$I$18="Propuesta",IF(AND(G$7>=TAREAS!$G$18,G$7<=TAREAS!$H$18,CALENDARIO!$C$11=1),"P",""),IF(ISNUMBER(SEARCH(TEXT(G$7,"yyyy-mm-dd"),TAREAS!$J$18)),IF(TAREAS!$I$18="Registro Git","R",IF(TAREAS!$I$18="Despliegue documentado","D","L")),"")) | H19: =IF(TAREAS!$I$18="Propuesta",IF(AND(H$7>=TAREAS!$G$18,H$7<=TAREAS!$H$18,CALENDARIO!$C$12=1),"P",""),IF(ISNUMBER(SEARCH(TEXT(H$7,"yyyy-mm-dd"),TAREAS!$J$18)),IF(TAREAS!$I$18="Registro Git","R",IF(TAREAS!$I$18="Despliegue documentado","D","L")),"")) | I19: =IF(TAREAS!$I$18="Propuesta",IF(AND(I$7>=TAREAS!$G$18,I$7<=TAREAS!$H$18,CALENDARIO!$C$13=1),"P",""),IF(ISNUMBER(SEARCH(TEXT(I$7,"yyyy-mm-dd"),TAREAS!$J$18)),IF(TAREAS!$I$18="Registro Git","R",IF(TAREAS!$I$18="Despliegue documentado","D","L")),"")) | J19: =IF(TAREAS!$I$18="Propuesta",IF(AND(J$7>=TAREAS!$G$18,J$7<=TAREAS!$H$18,CALENDARIO!$C$14=1),"P",""),IF(ISNUMBER(SEARCH(TEXT(J$7,"yyyy-mm-dd"),TAREAS!$J$18)),IF(TAREAS!$I$18="Registro Git","R",IF(TAREAS!$I$18="Despliegue documentado","D","L")),"")) | K19: =IF(TAREAS!$I$18="Propuesta",IF(AND(K$7>=TAREAS!$G$18,K$7<=TAREAS!$H$18,CALENDARIO!$C$15=1),"P",""),IF(ISNUMBER(SEARCH(TEXT(K$7,"yyyy-mm-dd"),TAREAS!$J$18)),IF(TAREAS!$I$18="Registro Git","R",IF(TAREAS!$I$18="Despliegue documentado","D","L")),"")) | L19: =IF(TAREAS!$I$18="Propuesta",IF(AND(L$7>=TAREAS!$G$18,L$7<=TAREAS!$H$18,CALENDARIO!$C$16=1),"P",""),IF(ISNUMBER(SEARCH(TEXT(L$7,"yyyy-mm-dd"),TAREAS!$J$18)),IF(TAREAS!$I$18="Registro Git","R",IF(TAREAS!$I$18="Despliegue documentado","D","L")),"")) | M19: =IF(TAREAS!$I$18="Propuesta",IF(AND(M$7>=TAREAS!$G$18,M$7<=TAREAS!$H$18,CALENDARIO!$C$17=1),"P",""),IF(ISNUMBER(SEARCH(TEXT(M$7,"yyyy-mm-dd"),TAREAS!$J$18)),IF(TAREAS!$I$18="Registro Git","R",IF(TAREAS!$I$18="Despliegue documentado","D","L")),"")) | N19: =IF(TAREAS!$I$18="Propuesta",IF(AND(N$7>=TAREAS!$G$18,N$7<=TAREAS!$H$18,CALENDARIO!$C$18=1),"P",""),IF(ISNUMBER(SEARCH(TEXT(N$7,"yyyy-mm-dd"),TAREAS!$J$18)),IF(TAREAS!$I$18="Registro Git","R",IF(TAREAS!$I$18="Despliegue documentado","D","L")),"")) | O19: =IF(TAREAS!$I$18="Propuesta",IF(AND(O$7>=TAREAS!$G$18,O$7<=TAREAS!$H$18,CALENDARIO!$C$19=1),"P",""),IF(ISNUMBER(SEARCH(TEXT(O$7,"yyyy-mm-dd"),TAREAS!$J$18)),IF(TAREAS!$I$18="Registro Git","R",IF(TAREAS!$I$18="Despliegue documentado","D","L")),"")) | P19: =IF(TAREAS!$I$18="Propuesta",IF(AND(P$7>=TAREAS!$G$18,P$7<=TAREAS!$H$18,CALENDARIO!$C$20=1),"P",""),IF(ISNUMBER(SEARCH(TEXT(P$7,"yyyy-mm-dd"),TAREAS!$J$18)),IF(TAREAS!$I$18="Registro Git","R",IF(TAREAS!$I$18="Despliegue documentado","D","L")),"")) | Q19: =IF(TAREAS!$I$18="Propuesta",IF(AND(Q$7>=TAREAS!$G$18,Q$7<=TAREAS!$H$18,CALENDARIO!$C$21=1),"P",""),IF(ISNUMBER(SEARCH(TEXT(Q$7,"yyyy-mm-dd"),TAREAS!$J$18)),IF(TAREAS!$I$18="Registro Git","R",IF(TAREAS!$I$18="Despliegue documentado","D","L")),"")) -> R | R19: =IF(TAREAS!$I$18="Propuesta",IF(AND(R$7>=TAREAS!$G$18,R$7<=TAREAS!$H$18,CALENDARIO!$C$22=1),"P",""),IF(ISNUMBER(SEARCH(TEXT(R$7,"yyyy-mm-dd"),TAREAS!$J$18)),IF(TAREAS!$I$18="Registro Git","R",IF(TAREAS!$I$18="Despliegue documentado","D","L")),"")) | S19: =IF(TAREAS!$I$18="Propuesta",IF(AND(S$7>=TAREAS!$G$18,S$7<=TAREAS!$H$18,CALENDARIO!$C$23=1),"P",""),IF(ISNUMBER(SEARCH(TEXT(S$7,"yyyy-mm-dd"),TAREAS!$J$18)),IF(TAREAS!$I$18="Registro Git","R",IF(TAREAS!$I$18="Despliegue documentado","D","L")),"")) | T19: =IF(TAREAS!$I$18="Propuesta",IF(AND(T$7>=TAREAS!$G$18,T$7<=TAREAS!$H$18,CALENDARIO!$C$24=1),"P",""),IF(ISNUMBER(SEARCH(TEXT(T$7,"yyyy-mm-dd"),TAREAS!$J$18)),IF(TAREAS!$I$18="Registro Git","R",IF(TAREAS!$I$18="Despliegue documentado","D","L")),"")) | U19: =IF(TAREAS!$I$18="Propuesta",IF(AND(U$7>=TAREAS!$G$18,U$7<=TAREAS!$H$18,CALENDARIO!$C$25=1),"P",""),IF(ISNUMBER(SEARCH(TEXT(U$7,"yyyy-mm-dd"),TAREAS!$J$18)),IF(TAREAS!$I$18="Registro Git","R",IF(TAREAS!$I$18="Despliegue documentado","D","L")),"")) | V19: =IF(TAREAS!$I$18="Propuesta",IF(AND(V$7>=TAREAS!$G$18,V$7<=TAREAS!$H$18,CALENDARIO!$C$26=1),"P",""),IF(ISNUMBER(SEARCH(TEXT(V$7,"yyyy-mm-dd"),TAREAS!$J$18)),IF(TAREAS!$I$18="Registro Git","R",IF(TAREAS!$I$18="Despliegue documentado","D","L")),"")) | W19: =IF(TAREAS!$I$18="Propuesta",IF(AND(W$7>=TAREAS!$G$18,W$7<=TAREAS!$H$18,CALENDARIO!$C$27=1),"P",""),IF(ISNUMBER(SEARCH(TEXT(W$7,"yyyy-mm-dd"),TAREAS!$J$18)),IF(TAREAS!$I$18="Registro Git","R",IF(TAREAS!$I$18="Despliegue documentado","D","L")),"")) | X19: =IF(TAREAS!$I$18="Propuesta",IF(AND(X$7>=TAREAS!$G$18,X$7<=TAREAS!$H$18,CALENDARIO!$C$28=1),"P",""),IF(ISNUMBER(SEARCH(TEXT(X$7,"yyyy-mm-dd"),TAREAS!$J$18)),IF(TAREAS!$I$18="Registro Git","R",IF(TAREAS!$I$18="Despliegue documentado","D","L")),"")) | Y19: =IF(TAREAS!$I$18="Propuesta",IF(AND(Y$7>=TAREAS!$G$18,Y$7<=TAREAS!$H$18,CALENDARIO!$C$29=1),"P",""),IF(ISNUMBER(SEARCH(TEXT(Y$7,"yyyy-mm-dd"),TAREAS!$J$18)),IF(TAREAS!$I$18="Registro Git","R",IF(TAREAS!$I$18="Despliegue documentado","D","L")),"")) | Z19: =IF(TAREAS!$I$18="Propuesta",IF(AND(Z$7>=TAREAS!$G$18,Z$7<=TAREAS!$H$18,CALENDARIO!$C$30=1),"P",""),IF(ISNUMBER(SEARCH(TEXT(Z$7,"yyyy-mm-dd"),TAREAS!$J$18)),IF(TAREAS!$I$18="Registro Git","R",IF(TAREAS!$I$18="Despliegue documentado","D","L")),"")) | AA19: =IF(TAREAS!$I$18="Propuesta",IF(AND(AA$7>=TAREAS!$G$18,AA$7<=TAREAS!$H$18,CALENDARIO!$C$31=1),"P",""),IF(ISNUMBER(SEARCH(TEXT(AA$7,"yyyy-mm-dd"),TAREAS!$J$18)),IF(TAREAS!$I$18="Registro Git","R",IF(TAREAS!$I$18="Despliegue documentado","D","L")),"")) | AB19: =IF(TAREAS!$I$18="Propuesta",IF(AND(AB$7>=TAREAS!$G$18,AB$7<=TAREAS!$H$18,CALENDARIO!$C$32=1),"P",""),IF(ISNUMBER(SEARCH(TEXT(AB$7,"yyyy-mm-dd"),TAREAS!$J$18)),IF(TAREAS!$I$18="Registro Git","R",IF(TAREAS!$I$18="Despliegue documentado","D","L")),"")) | AC19: =IF(TAREAS!$I$18="Propuesta",IF(AND(AC$7>=TAREAS!$G$18,AC$7<=TAREAS!$H$18,CALENDARIO!$C$33=1),"P",""),IF(ISNUMBER(SEARCH(TEXT(AC$7,"yyyy-mm-dd"),TAREAS!$J$18)),IF(TAREAS!$I$18="Registro Git","R",IF(TAREAS!$I$18="Despliegue documentado","D","L")),"")) | AD19: =IF(TAREAS!$I$18="Propuesta",IF(AND(AD$7>=TAREAS!$G$18,AD$7<=TAREAS!$H$18,CALENDARIO!$C$34=1),"P",""),IF(ISNUMBER(SEARCH(TEXT(AD$7,"yyyy-mm-dd"),TAREAS!$J$18)),IF(TAREAS!$I$18="Registro Git","R",IF(TAREAS!$I$18="Despliegue documentado","D","L")),"")) | AE19: =IF(TAREAS!$I$18="Propuesta",IF(AND(AE$7>=TAREAS!$G$18,AE$7<=TAREAS!$H$18,CALENDARIO!$C$35=1),"P",""),IF(ISNUMBER(SEARCH(TEXT(AE$7,"yyyy-mm-dd"),TAREAS!$J$18)),IF(TAREAS!$I$18="Registro Git","R",IF(TAREAS!$I$18="Despliegue documentado","D","L")),"")) | AF19: =IF(TAREAS!$I$18="Propuesta",IF(AND(AF$7>=TAREAS!$G$18,AF$7<=TAREAS!$H$18,CALENDARIO!$C$36=1),"P",""),IF(ISNUMBER(SEARCH(TEXT(AF$7,"yyyy-mm-dd"),TAREAS!$J$18)),IF(TAREAS!$I$18="Registro Git","R",IF(TAREAS!$I$18="Despliegue documentado","D","L")),"")) | AG19: =IF(TAREAS!$I$18="Propuesta",IF(AND(AG$7>=TAREAS!$G$18,AG$7<=TAREAS!$H$18,CALENDARIO!$C$37=1),"P",""),IF(ISNUMBER(SEARCH(TEXT(AG$7,"yyyy-mm-dd"),TAREAS!$J$18)),IF(TAREAS!$I$18="Registro Git","R",IF(TAREAS!$I$18="Despliegue documentado","D","L")),"")) | AH19: =IF(TAREAS!$I$18="Propuesta",IF(AND(AH$7>=TAREAS!$G$18,AH$7<=TAREAS!$H$18,CALENDARIO!$C$38=1),"P",""),IF(ISNUMBER(SEARCH(TEXT(AH$7,"yyyy-mm-dd"),TAREAS!$J$18)),IF(TAREAS!$I$18="Registro Git","R",IF(TAREAS!$I$18="Despliegue documentado","D","L")),""))
A20: =TAREAS!C19 -> HU-G08 · Como Dirección, quiero consultar reportes y métricas explicables. | B20: =TAREAS!A19&" · "&TAREAS!D19 -> T-015 · Ranking mensual beta y detalle de métricas | C20: =TAREAS!F19 -> yeiserDev | D20: =COUNTIF(E20:AH20,"R")+COUNTIF(E20:AH20,"D")+COUNTIF(E20:AH20,"L")+COUNTIF(E20:AH20,"P") -> 1 | E20: =IF(TAREAS!$I$19="Propuesta",IF(AND(E$7>=TAREAS!$G$19,E$7<=TAREAS!$H$19,CALENDARIO!$C$9=1),"P",""),IF(ISNUMBER(SEARCH(TEXT(E$7,"yyyy-mm-dd"),TAREAS!$J$19)),IF(TAREAS!$I$19="Registro Git","R",IF(TAREAS!$I$19="Despliegue documentado","D","L")),"")) | F20: =IF(TAREAS!$I$19="Propuesta",IF(AND(F$7>=TAREAS!$G$19,F$7<=TAREAS!$H$19,CALENDARIO!$C$10=1),"P",""),IF(ISNUMBER(SEARCH(TEXT(F$7,"yyyy-mm-dd"),TAREAS!$J$19)),IF(TAREAS!$I$19="Registro Git","R",IF(TAREAS!$I$19="Despliegue documentado","D","L")),"")) | G20: =IF(TAREAS!$I$19="Propuesta",IF(AND(G$7>=TAREAS!$G$19,G$7<=TAREAS!$H$19,CALENDARIO!$C$11=1),"P",""),IF(ISNUMBER(SEARCH(TEXT(G$7,"yyyy-mm-dd"),TAREAS!$J$19)),IF(TAREAS!$I$19="Registro Git","R",IF(TAREAS!$I$19="Despliegue documentado","D","L")),"")) | H20: =IF(TAREAS!$I$19="Propuesta",IF(AND(H$7>=TAREAS!$G$19,H$7<=TAREAS!$H$19,CALENDARIO!$C$12=1),"P",""),IF(ISNUMBER(SEARCH(TEXT(H$7,"yyyy-mm-dd"),TAREAS!$J$19)),IF(TAREAS!$I$19="Registro Git","R",IF(TAREAS!$I$19="Despliegue documentado","D","L")),"")) | I20: =IF(TAREAS!$I$19="Propuesta",IF(AND(I$7>=TAREAS!$G$19,I$7<=TAREAS!$H$19,CALENDARIO!$C$13=1),"P",""),IF(ISNUMBER(SEARCH(TEXT(I$7,"yyyy-mm-dd"),TAREAS!$J$19)),IF(TAREAS!$I$19="Registro Git","R",IF(TAREAS!$I$19="Despliegue documentado","D","L")),"")) | J20: =IF(TAREAS!$I$19="Propuesta",IF(AND(J$7>=TAREAS!$G$19,J$7<=TAREAS!$H$19,CALENDARIO!$C$14=1),"P",""),IF(ISNUMBER(SEARCH(TEXT(J$7,"yyyy-mm-dd"),TAREAS!$J$19)),IF(TAREAS!$I$19="Registro Git","R",IF(TAREAS!$I$19="Despliegue documentado","D","L")),"")) | K20: =IF(TAREAS!$I$19="Propuesta",IF(AND(K$7>=TAREAS!$G$19,K$7<=TAREAS!$H$19,CALENDARIO!$C$15=1),"P",""),IF(ISNUMBER(SEARCH(TEXT(K$7,"yyyy-mm-dd"),TAREAS!$J$19)),IF(TAREAS!$I$19="Registro Git","R",IF(TAREAS!$I$19="Despliegue documentado","D","L")),"")) | L20: =IF(TAREAS!$I$19="Propuesta",IF(AND(L$7>=TAREAS!$G$19,L$7<=TAREAS!$H$19,CALENDARIO!$C$16=1),"P",""),IF(ISNUMBER(SEARCH(TEXT(L$7,"yyyy-mm-dd"),TAREAS!$J$19)),IF(TAREAS!$I$19="Registro Git","R",IF(TAREAS!$I$19="Despliegue documentado","D","L")),"")) | M20: =IF(TAREAS!$I$19="Propuesta",IF(AND(M$7>=TAREAS!$G$19,M$7<=TAREAS!$H$19,CALENDARIO!$C$17=1),"P",""),IF(ISNUMBER(SEARCH(TEXT(M$7,"yyyy-mm-dd"),TAREAS!$J$19)),IF(TAREAS!$I$19="Registro Git","R",IF(TAREAS!$I$19="Despliegue documentado","D","L")),"")) | N20: =IF(TAREAS!$I$19="Propuesta",IF(AND(N$7>=TAREAS!$G$19,N$7<=TAREAS!$H$19,CALENDARIO!$C$18=1),"P",""),IF(ISNUMBER(SEARCH(TEXT(N$7,"yyyy-mm-dd"),TAREAS!$J$19)),IF(TAREAS!$I$19="Registro Git","R",IF(TAREAS!$I$19="Despliegue documentado","D","L")),"")) | O20: =IF(TAREAS!$I$19="Propuesta",IF(AND(O$7>=TAREAS!$G$19,O$7<=TAREAS!$H$19,CALENDARIO!$C$19=1),"P",""),IF(ISNUMBER(SEARCH(TEXT(O$7,"yyyy-mm-dd"),TAREAS!$J$19)),IF(TAREAS!$I$19="Registro Git","R",IF(TAREAS!$I$19="Despliegue documentado","D","L")),"")) | P20: =IF(TAREAS!$I$19="Propuesta",IF(AND(P$7>=TAREAS!$G$19,P$7<=TAREAS!$H$19,CALENDARIO!$C$20=1),"P",""),IF(ISNUMBER(SEARCH(TEXT(P$7,"yyyy-mm-dd"),TAREAS!$J$19)),IF(TAREAS!$I$19="Registro Git","R",IF(TAREAS!$I$19="Despliegue documentado","D","L")),"")) | Q20: =IF(TAREAS!$I$19="Propuesta",IF(AND(Q$7>=TAREAS!$G$19,Q$7<=TAREAS!$H$19,CALENDARIO!$C$21=1),"P",""),IF(ISNUMBER(SEARCH(TEXT(Q$7,"yyyy-mm-dd"),TAREAS!$J$19)),IF(TAREAS!$I$19="Registro Git","R",IF(TAREAS!$I$19="Despliegue documentado","D","L")),"")) | R20: =IF(TAREAS!$I$19="Propuesta",IF(AND(R$7>=TAREAS!$G$19,R$7<=TAREAS!$H$19,CALENDARIO!$C$22=1),"P",""),IF(ISNUMBER(SEARCH(TEXT(R$7,"yyyy-mm-dd"),TAREAS!$J$19)),IF(TAREAS!$I$19="Registro Git","R",IF(TAREAS!$I$19="Despliegue documentado","D","L")),"")) -> R | S20: =IF(TAREAS!$I$19="Propuesta",IF(AND(S$7>=TAREAS!$G$19,S$7<=TAREAS!$H$19,CALENDARIO!$C$23=1),"P",""),IF(ISNUMBER(SEARCH(TEXT(S$7,"yyyy-mm-dd"),TAREAS!$J$19)),IF(TAREAS!$I$19="Registro Git","R",IF(TAREAS!$I$19="Despliegue documentado","D","L")),"")) | T20: =IF(TAREAS!$I$19="Propuesta",IF(AND(T$7>=TAREAS!$G$19,T$7<=TAREAS!$H$19,CALENDARIO!$C$24=1),"P",""),IF(ISNUMBER(SEARCH(TEXT(T$7,"yyyy-mm-dd"),TAREAS!$J$19)),IF(TAREAS!$I$19="Registro Git","R",IF(TAREAS!$I$19="Despliegue documentado","D","L")),"")) | U20: =IF(TAREAS!$I$19="Propuesta",IF(AND(U$7>=TAREAS!$G$19,U$7<=TAREAS!$H$19,CALENDARIO!$C$25=1),"P",""),IF(ISNUMBER(SEARCH(TEXT(U$7,"yyyy-mm-dd"),TAREAS!$J$19)),IF(TAREAS!$I$19="Registro Git","R",IF(TAREAS!$I$19="Despliegue documentado","D","L")),"")) | V20: =IF(TAREAS!$I$19="Propuesta",IF(AND(V$7>=TAREAS!$G$19,V$7<=TAREAS!$H$19,CALENDARIO!$C$26=1),"P",""),IF(ISNUMBER(SEARCH(TEXT(V$7,"yyyy-mm-dd"),TAREAS!$J$19)),IF(TAREAS!$I$19="Registro Git","R",IF(TAREAS!$I$19="Despliegue documentado","D","L")),"")) | W20: =IF(TAREAS!$I$19="Propuesta",IF(AND(W$7>=TAREAS!$G$19,W$7<=TAREAS!$H$19,CALENDARIO!$C$27=1),"P",""),IF(ISNUMBER(SEARCH(TEXT(W$7,"yyyy-mm-dd"),TAREAS!$J$19)),IF(TAREAS!$I$19="Registro Git","R",IF(TAREAS!$I$19="Despliegue documentado","D","L")),"")) | X20: =IF(TAREAS!$I$19="Propuesta",IF(AND(X$7>=TAREAS!$G$19,X$7<=TAREAS!$H$19,CALENDARIO!$C$28=1),"P",""),IF(ISNUMBER(SEARCH(TEXT(X$7,"yyyy-mm-dd"),TAREAS!$J$19)),IF(TAREAS!$I$19="Registro Git","R",IF(TAREAS!$I$19="Despliegue documentado","D","L")),"")) | Y20: =IF(TAREAS!$I$19="Propuesta",IF(AND(Y$7>=TAREAS!$G$19,Y$7<=TAREAS!$H$19,CALENDARIO!$C$29=1),"P",""),IF(ISNUMBER(SEARCH(TEXT(Y$7,"yyyy-mm-dd"),TAREAS!$J$19)),IF(TAREAS!$I$19="Registro Git","R",IF(TAREAS!$I$19="Despliegue documentado","D","L")),"")) | Z20: =IF(TAREAS!$I$19="Propuesta",IF(AND(Z$7>=TAREAS!$G$19,Z$7<=TAREAS!$H$19,CALENDARIO!$C$30=1),"P",""),IF(ISNUMBER(SEARCH(TEXT(Z$7,"yyyy-mm-dd"),TAREAS!$J$19)),IF(TAREAS!$I$19="Registro Git","R",IF(TAREAS!$I$19="Despliegue documentado","D","L")),"")) | AA20: =IF(TAREAS!$I$19="Propuesta",IF(AND(AA$7>=TAREAS!$G$19,AA$7<=TAREAS!$H$19,CALENDARIO!$C$31=1),"P",""),IF(ISNUMBER(SEARCH(TEXT(AA$7,"yyyy-mm-dd"),TAREAS!$J$19)),IF(TAREAS!$I$19="Registro Git","R",IF(TAREAS!$I$19="Despliegue documentado","D","L")),"")) | AB20: =IF(TAREAS!$I$19="Propuesta",IF(AND(AB$7>=TAREAS!$G$19,AB$7<=TAREAS!$H$19,CALENDARIO!$C$32=1),"P",""),IF(ISNUMBER(SEARCH(TEXT(AB$7,"yyyy-mm-dd"),TAREAS!$J$19)),IF(TAREAS!$I$19="Registro Git","R",IF(TAREAS!$I$19="Despliegue documentado","D","L")),"")) | AC20: =IF(TAREAS!$I$19="Propuesta",IF(AND(AC$7>=TAREAS!$G$19,AC$7<=TAREAS!$H$19,CALENDARIO!$C$33=1),"P",""),IF(ISNUMBER(SEARCH(TEXT(AC$7,"yyyy-mm-dd"),TAREAS!$J$19)),IF(TAREAS!$I$19="Registro Git","R",IF(TAREAS!$I$19="Despliegue documentado","D","L")),"")) | AD20: =IF(TAREAS!$I$19="Propuesta",IF(AND(AD$7>=TAREAS!$G$19,AD$7<=TAREAS!$H$19,CALENDARIO!$C$34=1),"P",""),IF(ISNUMBER(SEARCH(TEXT(AD$7,"yyyy-mm-dd"),TAREAS!$J$19)),IF(TAREAS!$I$19="Registro Git","R",IF(TAREAS!$I$19="Despliegue documentado","D","L")),"")) | AE20: =IF(TAREAS!$I$19="Propuesta",IF(AND(AE$7>=TAREAS!$G$19,AE$7<=TAREAS!$H$19,CALENDARIO!$C$35=1),"P",""),IF(ISNUMBER(SEARCH(TEXT(AE$7,"yyyy-mm-dd"),TAREAS!$J$19)),IF(TAREAS!$I$19="Registro Git","R",IF(TAREAS!$I$19="Despliegue documentado","D","L")),"")) | AF20: =IF(TAREAS!$I$19="Propuesta",IF(AND(AF$7>=TAREAS!$G$19,AF$7<=TAREAS!$H$19,CALENDARIO!$C$36=1),"P",""),IF(ISNUMBER(SEARCH(TEXT(AF$7,"yyyy-mm-dd"),TAREAS!$J$19)),IF(TAREAS!$I$19="Registro Git","R",IF(TAREAS!$I$19="Despliegue documentado","D","L")),"")) | AG20: =IF(TAREAS!$I$19="Propuesta",IF(AND(AG$7>=TAREAS!$G$19,AG$7<=TAREAS!$H$19,CALENDARIO!$C$37=1),"P",""),IF(ISNUMBER(SEARCH(TEXT(AG$7,"yyyy-mm-dd"),TAREAS!$J$19)),IF(TAREAS!$I$19="Registro Git","R",IF(TAREAS!$I$19="Despliegue documentado","D","L")),"")) | AH20: =IF(TAREAS!$I$19="Propuesta",IF(AND(AH$7>=TAREAS!$G$19,AH$7<=TAREAS!$H$19,CALENDARIO!$C$38=1),"P",""),IF(ISNUMBER(SEARCH(TEXT(AH$7,"yyyy-mm-dd"),TAREAS!$J$19)),IF(TAREAS!$I$19="Registro Git","R",IF(TAREAS!$I$19="Despliegue documentado","D","L")),""))
A21: =TAREAS!C20 -> HU-G02 · Como colaborador, quiero registrar mi jornada según modalidad y ubicación. | B21: =TAREAS!A20&" · "&TAREAS!D20 -> T-016 · Corrección de espera y verificación de ubicación | C21: =TAREAS!F20 -> yeiserDev | D21: =COUNTIF(E21:AH21,"R")+COUNTIF(E21:AH21,"D")+COUNTIF(E21:AH21,"L")+COUNTIF(E21:AH21,"P") -> 1 | E21: =IF(TAREAS!$I$20="Propuesta",IF(AND(E$7>=TAREAS!$G$20,E$7<=TAREAS!$H$20,CALENDARIO!$C$9=1),"P",""),IF(ISNUMBER(SEARCH(TEXT(E$7,"yyyy-mm-dd"),TAREAS!$J$20)),IF(TAREAS!$I$20="Registro Git","R",IF(TAREAS!$I$20="Despliegue documentado","D","L")),"")) | F21: =IF(TAREAS!$I$20="Propuesta",IF(AND(F$7>=TAREAS!$G$20,F$7<=TAREAS!$H$20,CALENDARIO!$C$10=1),"P",""),IF(ISNUMBER(SEARCH(TEXT(F$7,"yyyy-mm-dd"),TAREAS!$J$20)),IF(TAREAS!$I$20="Registro Git","R",IF(TAREAS!$I$20="Despliegue documentado","D","L")),"")) | G21: =IF(TAREAS!$I$20="Propuesta",IF(AND(G$7>=TAREAS!$G$20,G$7<=TAREAS!$H$20,CALENDARIO!$C$11=1),"P",""),IF(ISNUMBER(SEARCH(TEXT(G$7,"yyyy-mm-dd"),TAREAS!$J$20)),IF(TAREAS!$I$20="Registro Git","R",IF(TAREAS!$I$20="Despliegue documentado","D","L")),"")) | H21: =IF(TAREAS!$I$20="Propuesta",IF(AND(H$7>=TAREAS!$G$20,H$7<=TAREAS!$H$20,CALENDARIO!$C$12=1),"P",""),IF(ISNUMBER(SEARCH(TEXT(H$7,"yyyy-mm-dd"),TAREAS!$J$20)),IF(TAREAS!$I$20="Registro Git","R",IF(TAREAS!$I$20="Despliegue documentado","D","L")),"")) | I21: =IF(TAREAS!$I$20="Propuesta",IF(AND(I$7>=TAREAS!$G$20,I$7<=TAREAS!$H$20,CALENDARIO!$C$13=1),"P",""),IF(ISNUMBER(SEARCH(TEXT(I$7,"yyyy-mm-dd"),TAREAS!$J$20)),IF(TAREAS!$I$20="Registro Git","R",IF(TAREAS!$I$20="Despliegue documentado","D","L")),"")) | J21: =IF(TAREAS!$I$20="Propuesta",IF(AND(J$7>=TAREAS!$G$20,J$7<=TAREAS!$H$20,CALENDARIO!$C$14=1),"P",""),IF(ISNUMBER(SEARCH(TEXT(J$7,"yyyy-mm-dd"),TAREAS!$J$20)),IF(TAREAS!$I$20="Registro Git","R",IF(TAREAS!$I$20="Despliegue documentado","D","L")),"")) | K21: =IF(TAREAS!$I$20="Propuesta",IF(AND(K$7>=TAREAS!$G$20,K$7<=TAREAS!$H$20,CALENDARIO!$C$15=1),"P",""),IF(ISNUMBER(SEARCH(TEXT(K$7,"yyyy-mm-dd"),TAREAS!$J$20)),IF(TAREAS!$I$20="Registro Git","R",IF(TAREAS!$I$20="Despliegue documentado","D","L")),"")) | L21: =IF(TAREAS!$I$20="Propuesta",IF(AND(L$7>=TAREAS!$G$20,L$7<=TAREAS!$H$20,CALENDARIO!$C$16=1),"P",""),IF(ISNUMBER(SEARCH(TEXT(L$7,"yyyy-mm-dd"),TAREAS!$J$20)),IF(TAREAS!$I$20="Registro Git","R",IF(TAREAS!$I$20="Despliegue documentado","D","L")),"")) | M21: =IF(TAREAS!$I$20="Propuesta",IF(AND(M$7>=TAREAS!$G$20,M$7<=TAREAS!$H$20,CALENDARIO!$C$17=1),"P",""),IF(ISNUMBER(SEARCH(TEXT(M$7,"yyyy-mm-dd"),TAREAS!$J$20)),IF(TAREAS!$I$20="Registro Git","R",IF(TAREAS!$I$20="Despliegue documentado","D","L")),"")) | N21: =IF(TAREAS!$I$20="Propuesta",IF(AND(N$7>=TAREAS!$G$20,N$7<=TAREAS!$H$20,CALENDARIO!$C$18=1),"P",""),IF(ISNUMBER(SEARCH(TEXT(N$7,"yyyy-mm-dd"),TAREAS!$J$20)),IF(TAREAS!$I$20="Registro Git","R",IF(TAREAS!$I$20="Despliegue documentado","D","L")),"")) | O21: =IF(TAREAS!$I$20="Propuesta",IF(AND(O$7>=TAREAS!$G$20,O$7<=TAREAS!$H$20,CALENDARIO!$C$19=1),"P",""),IF(ISNUMBER(SEARCH(TEXT(O$7,"yyyy-mm-dd"),TAREAS!$J$20)),IF(TAREAS!$I$20="Registro Git","R",IF(TAREAS!$I$20="Despliegue documentado","D","L")),"")) | P21: =IF(TAREAS!$I$20="Propuesta",IF(AND(P$7>=TAREAS!$G$20,P$7<=TAREAS!$H$20,CALENDARIO!$C$20=1),"P",""),IF(ISNUMBER(SEARCH(TEXT(P$7,"yyyy-mm-dd"),TAREAS!$J$20)),IF(TAREAS!$I$20="Registro Git","R",IF(TAREAS!$I$20="Despliegue documentado","D","L")),"")) | Q21: =IF(TAREAS!$I$20="Propuesta",IF(AND(Q$7>=TAREAS!$G$20,Q$7<=TAREAS!$H$20,CALENDARIO!$C$21=1),"P",""),IF(ISNUMBER(SEARCH(TEXT(Q$7,"yyyy-mm-dd"),TAREAS!$J$20)),IF(TAREAS!$I$20="Registro Git","R",IF(TAREAS!$I$20="Despliegue documentado","D","L")),"")) | R21: =IF(TAREAS!$I$20="Propuesta",IF(AND(R$7>=TAREAS!$G$20,R$7<=TAREAS!$H$20,CALENDARIO!$C$22=1),"P",""),IF(ISNUMBER(SEARCH(TEXT(R$7,"yyyy-mm-dd"),TAREAS!$J$20)),IF(TAREAS!$I$20="Registro Git","R",IF(TAREAS!$I$20="Despliegue documentado","D","L")),"")) -> R | S21: =IF(TAREAS!$I$20="Propuesta",IF(AND(S$7>=TAREAS!$G$20,S$7<=TAREAS!$H$20,CALENDARIO!$C$23=1),"P",""),IF(ISNUMBER(SEARCH(TEXT(S$7,"yyyy-mm-dd"),TAREAS!$J$20)),IF(TAREAS!$I$20="Registro Git","R",IF(TAREAS!$I$20="Despliegue documentado","D","L")),"")) | T21: =IF(TAREAS!$I$20="Propuesta",IF(AND(T$7>=TAREAS!$G$20,T$7<=TAREAS!$H$20,CALENDARIO!$C$24=1),"P",""),IF(ISNUMBER(SEARCH(TEXT(T$7,"yyyy-mm-dd"),TAREAS!$J$20)),IF(TAREAS!$I$20="Registro Git","R",IF(TAREAS!$I$20="Despliegue documentado","D","L")),"")) | U21: =IF(TAREAS!$I$20="Propuesta",IF(AND(U$7>=TAREAS!$G$20,U$7<=TAREAS!$H$20,CALENDARIO!$C$25=1),"P",""),IF(ISNUMBER(SEARCH(TEXT(U$7,"yyyy-mm-dd"),TAREAS!$J$20)),IF(TAREAS!$I$20="Registro Git","R",IF(TAREAS!$I$20="Despliegue documentado","D","L")),"")) | V21: =IF(TAREAS!$I$20="Propuesta",IF(AND(V$7>=TAREAS!$G$20,V$7<=TAREAS!$H$20,CALENDARIO!$C$26=1),"P",""),IF(ISNUMBER(SEARCH(TEXT(V$7,"yyyy-mm-dd"),TAREAS!$J$20)),IF(TAREAS!$I$20="Registro Git","R",IF(TAREAS!$I$20="Despliegue documentado","D","L")),"")) | W21: =IF(TAREAS!$I$20="Propuesta",IF(AND(W$7>=TAREAS!$G$20,W$7<=TAREAS!$H$20,CALENDARIO!$C$27=1),"P",""),IF(ISNUMBER(SEARCH(TEXT(W$7,"yyyy-mm-dd"),TAREAS!$J$20)),IF(TAREAS!$I$20="Registro Git","R",IF(TAREAS!$I$20="Despliegue documentado","D","L")),"")) | X21: =IF(TAREAS!$I$20="Propuesta",IF(AND(X$7>=TAREAS!$G$20,X$7<=TAREAS!$H$20,CALENDARIO!$C$28=1),"P",""),IF(ISNUMBER(SEARCH(TEXT(X$7,"yyyy-mm-dd"),TAREAS!$J$20)),IF(TAREAS!$I$20="Registro Git","R",IF(TAREAS!$I$20="Despliegue documentado","D","L")),"")) | Y21: =IF(TAREAS!$I$20="Propuesta",IF(AND(Y$7>=TAREAS!$G$20,Y$7<=TAREAS!$H$20,CALENDARIO!$C$29=1),"P",""),IF(ISNUMBER(SEARCH(TEXT(Y$7,"yyyy-mm-dd"),TAREAS!$J$20)),IF(TAREAS!$I$20="Registro Git","R",IF(TAREAS!$I$20="Despliegue documentado","D","L")),"")) | Z21: =IF(TAREAS!$I$20="Propuesta",IF(AND(Z$7>=TAREAS!$G$20,Z$7<=TAREAS!$H$20,CALENDARIO!$C$30=1),"P",""),IF(ISNUMBER(SEARCH(TEXT(Z$7,"yyyy-mm-dd"),TAREAS!$J$20)),IF(TAREAS!$I$20="Registro Git","R",IF(TAREAS!$I$20="Despliegue documentado","D","L")),"")) | AA21: =IF(TAREAS!$I$20="Propuesta",IF(AND(AA$7>=TAREAS!$G$20,AA$7<=TAREAS!$H$20,CALENDARIO!$C$31=1),"P",""),IF(ISNUMBER(SEARCH(TEXT(AA$7,"yyyy-mm-dd"),TAREAS!$J$20)),IF(TAREAS!$I$20="Registro Git","R",IF(TAREAS!$I$20="Despliegue documentado","D","L")),"")) | AB21: =IF(TAREAS!$I$20="Propuesta",IF(AND(AB$7>=TAREAS!$G$20,AB$7<=TAREAS!$H$20,CALENDARIO!$C$32=1),"P",""),IF(ISNUMBER(SEARCH(TEXT(AB$7,"yyyy-mm-dd"),TAREAS!$J$20)),IF(TAREAS!$I$20="Registro Git","R",IF(TAREAS!$I$20="Despliegue documentado","D","L")),"")) | AC21: =IF(TAREAS!$I$20="Propuesta",IF(AND(AC$7>=TAREAS!$G$20,AC$7<=TAREAS!$H$20,CALENDARIO!$C$33=1),"P",""),IF(ISNUMBER(SEARCH(TEXT(AC$7,"yyyy-mm-dd"),TAREAS!$J$20)),IF(TAREAS!$I$20="Registro Git","R",IF(TAREAS!$I$20="Despliegue documentado","D","L")),"")) | AD21: =IF(TAREAS!$I$20="Propuesta",IF(AND(AD$7>=TAREAS!$G$20,AD$7<=TAREAS!$H$20,CALENDARIO!$C$34=1),"P",""),IF(ISNUMBER(SEARCH(TEXT(AD$7,"yyyy-mm-dd"),TAREAS!$J$20)),IF(TAREAS!$I$20="Registro Git","R",IF(TAREAS!$I$20="Despliegue documentado","D","L")),"")) | AE21: =IF(TAREAS!$I$20="Propuesta",IF(AND(AE$7>=TAREAS!$G$20,AE$7<=TAREAS!$H$20,CALENDARIO!$C$35=1),"P",""),IF(ISNUMBER(SEARCH(TEXT(AE$7,"yyyy-mm-dd"),TAREAS!$J$20)),IF(TAREAS!$I$20="Registro Git","R",IF(TAREAS!$I$20="Despliegue documentado","D","L")),"")) | AF21: =IF(TAREAS!$I$20="Propuesta",IF(AND(AF$7>=TAREAS!$G$20,AF$7<=TAREAS!$H$20,CALENDARIO!$C$36=1),"P",""),IF(ISNUMBER(SEARCH(TEXT(AF$7,"yyyy-mm-dd"),TAREAS!$J$20)),IF(TAREAS!$I$20="Registro Git","R",IF(TAREAS!$I$20="Despliegue documentado","D","L")),"")) | AG21: =IF(TAREAS!$I$20="Propuesta",IF(AND(AG$7>=TAREAS!$G$20,AG$7<=TAREAS!$H$20,CALENDARIO!$C$37=1),"P",""),IF(ISNUMBER(SEARCH(TEXT(AG$7,"yyyy-mm-dd"),TAREAS!$J$20)),IF(TAREAS!$I$20="Registro Git","R",IF(TAREAS!$I$20="Despliegue documentado","D","L")),"")) | AH21: =IF(TAREAS!$I$20="Propuesta",IF(AND(AH$7>=TAREAS!$G$20,AH$7<=TAREAS!$H$20,CALENDARIO!$C$38=1),"P",""),IF(ISNUMBER(SEARCH(TEXT(AH$7,"yyyy-mm-dd"),TAREAS!$J$20)),IF(TAREAS!$I$20="Registro Git","R",IF(TAREAS!$I$20="Despliegue documentado","D","L")),""))
A22: =TAREAS!C21 -> HU-G05 · Como responsable, quiero asignar trabajo y supervisar el cumplimiento. | B22: =TAREAS!A21&" · "&TAREAS!D21 -> T-017 · Asignaciones con documentos, panel y retiro de archivos | C22: =TAREAS!F21 -> yeiserDev | D22: =COUNTIF(E22:AH22,"R")+COUNTIF(E22:AH22,"D")+COUNTIF(E22:AH22,"L")+COUNTIF(E22:AH22,"P") -> 1 | E22: =IF(TAREAS!$I$21="Propuesta",IF(AND(E$7>=TAREAS!$G$21,E$7<=TAREAS!$H$21,CALENDARIO!$C$9=1),"P",""),IF(ISNUMBER(SEARCH(TEXT(E$7,"yyyy-mm-dd"),TAREAS!$J$21)),IF(TAREAS!$I$21="Registro Git","R",IF(TAREAS!$I$21="Despliegue documentado","D","L")),"")) | F22: =IF(TAREAS!$I$21="Propuesta",IF(AND(F$7>=TAREAS!$G$21,F$7<=TAREAS!$H$21,CALENDARIO!$C$10=1),"P",""),IF(ISNUMBER(SEARCH(TEXT(F$7,"yyyy-mm-dd"),TAREAS!$J$21)),IF(TAREAS!$I$21="Registro Git","R",IF(TAREAS!$I$21="Despliegue documentado","D","L")),"")) | G22: =IF(TAREAS!$I$21="Propuesta",IF(AND(G$7>=TAREAS!$G$21,G$7<=TAREAS!$H$21,CALENDARIO!$C$11=1),"P",""),IF(ISNUMBER(SEARCH(TEXT(G$7,"yyyy-mm-dd"),TAREAS!$J$21)),IF(TAREAS!$I$21="Registro Git","R",IF(TAREAS!$I$21="Despliegue documentado","D","L")),"")) | H22: =IF(TAREAS!$I$21="Propuesta",IF(AND(H$7>=TAREAS!$G$21,H$7<=TAREAS!$H$21,CALENDARIO!$C$12=1),"P",""),IF(ISNUMBER(SEARCH(TEXT(H$7,"yyyy-mm-dd"),TAREAS!$J$21)),IF(TAREAS!$I$21="Registro Git","R",IF(TAREAS!$I$21="Despliegue documentado","D","L")),"")) | I22: =IF(TAREAS!$I$21="Propuesta",IF(AND(I$7>=TAREAS!$G$21,I$7<=TAREAS!$H$21,CALENDARIO!$C$13=1),"P",""),IF(ISNUMBER(SEARCH(TEXT(I$7,"yyyy-mm-dd"),TAREAS!$J$21)),IF(TAREAS!$I$21="Registro Git","R",IF(TAREAS!$I$21="Despliegue documentado","D","L")),"")) | J22: =IF(TAREAS!$I$21="Propuesta",IF(AND(J$7>=TAREAS!$G$21,J$7<=TAREAS!$H$21,CALENDARIO!$C$14=1),"P",""),IF(ISNUMBER(SEARCH(TEXT(J$7,"yyyy-mm-dd"),TAREAS!$J$21)),IF(TAREAS!$I$21="Registro Git","R",IF(TAREAS!$I$21="Despliegue documentado","D","L")),"")) | K22: =IF(TAREAS!$I$21="Propuesta",IF(AND(K$7>=TAREAS!$G$21,K$7<=TAREAS!$H$21,CALENDARIO!$C$15=1),"P",""),IF(ISNUMBER(SEARCH(TEXT(K$7,"yyyy-mm-dd"),TAREAS!$J$21)),IF(TAREAS!$I$21="Registro Git","R",IF(TAREAS!$I$21="Despliegue documentado","D","L")),"")) | L22: =IF(TAREAS!$I$21="Propuesta",IF(AND(L$7>=TAREAS!$G$21,L$7<=TAREAS!$H$21,CALENDARIO!$C$16=1),"P",""),IF(ISNUMBER(SEARCH(TEXT(L$7,"yyyy-mm-dd"),TAREAS!$J$21)),IF(TAREAS!$I$21="Registro Git","R",IF(TAREAS!$I$21="Despliegue documentado","D","L")),"")) | M22: =IF(TAREAS!$I$21="Propuesta",IF(AND(M$7>=TAREAS!$G$21,M$7<=TAREAS!$H$21,CALENDARIO!$C$17=1),"P",""),IF(ISNUMBER(SEARCH(TEXT(M$7,"yyyy-mm-dd"),TAREAS!$J$21)),IF(TAREAS!$I$21="Registro Git","R",IF(TAREAS!$I$21="Despliegue documentado","D","L")),"")) | N22: =IF(TAREAS!$I$21="Propuesta",IF(AND(N$7>=TAREAS!$G$21,N$7<=TAREAS!$H$21,CALENDARIO!$C$18=1),"P",""),IF(ISNUMBER(SEARCH(TEXT(N$7,"yyyy-mm-dd"),TAREAS!$J$21)),IF(TAREAS!$I$21="Registro Git","R",IF(TAREAS!$I$21="Despliegue documentado","D","L")),"")) | O22: =IF(TAREAS!$I$21="Propuesta",IF(AND(O$7>=TAREAS!$G$21,O$7<=TAREAS!$H$21,CALENDARIO!$C$19=1),"P",""),IF(ISNUMBER(SEARCH(TEXT(O$7,"yyyy-mm-dd"),TAREAS!$J$21)),IF(TAREAS!$I$21="Registro Git","R",IF(TAREAS!$I$21="Despliegue documentado","D","L")),"")) | P22: =IF(TAREAS!$I$21="Propuesta",IF(AND(P$7>=TAREAS!$G$21,P$7<=TAREAS!$H$21,CALENDARIO!$C$20=1),"P",""),IF(ISNUMBER(SEARCH(TEXT(P$7,"yyyy-mm-dd"),TAREAS!$J$21)),IF(TAREAS!$I$21="Registro Git","R",IF(TAREAS!$I$21="Despliegue documentado","D","L")),"")) | Q22: =IF(TAREAS!$I$21="Propuesta",IF(AND(Q$7>=TAREAS!$G$21,Q$7<=TAREAS!$H$21,CALENDARIO!$C$21=1),"P",""),IF(ISNUMBER(SEARCH(TEXT(Q$7,"yyyy-mm-dd"),TAREAS!$J$21)),IF(TAREAS!$I$21="Registro Git","R",IF(TAREAS!$I$21="Despliegue documentado","D","L")),"")) | R22: =IF(TAREAS!$I$21="Propuesta",IF(AND(R$7>=TAREAS!$G$21,R$7<=TAREAS!$H$21,CALENDARIO!$C$22=1),"P",""),IF(ISNUMBER(SEARCH(TEXT(R$7,"yyyy-mm-dd"),TAREAS!$J$21)),IF(TAREAS!$I$21="Registro Git","R",IF(TAREAS!$I$21="Despliegue documentado","D","L")),"")) -> R | S22: =IF(TAREAS!$I$21="Propuesta",IF(AND(S$7>=TAREAS!$G$21,S$7<=TAREAS!$H$21,CALENDARIO!$C$23=1),"P",""),IF(ISNUMBER(SEARCH(TEXT(S$7,"yyyy-mm-dd"),TAREAS!$J$21)),IF(TAREAS!$I$21="Registro Git","R",IF(TAREAS!$I$21="Despliegue documentado","D","L")),"")) | T22: =IF(TAREAS!$I$21="Propuesta",IF(AND(T$7>=TAREAS!$G$21,T$7<=TAREAS!$H$21,CALENDARIO!$C$24=1),"P",""),IF(ISNUMBER(SEARCH(TEXT(T$7,"yyyy-mm-dd"),TAREAS!$J$21)),IF(TAREAS!$I$21="Registro Git","R",IF(TAREAS!$I$21="Despliegue documentado","D","L")),"")) | U22: =IF(TAREAS!$I$21="Propuesta",IF(AND(U$7>=TAREAS!$G$21,U$7<=TAREAS!$H$21,CALENDARIO!$C$25=1),"P",""),IF(ISNUMBER(SEARCH(TEXT(U$7,"yyyy-mm-dd"),TAREAS!$J$21)),IF(TAREAS!$I$21="Registro Git","R",IF(TAREAS!$I$21="Despliegue documentado","D","L")),"")) | V22: =IF(TAREAS!$I$21="Propuesta",IF(AND(V$7>=TAREAS!$G$21,V$7<=TAREAS!$H$21,CALENDARIO!$C$26=1),"P",""),IF(ISNUMBER(SEARCH(TEXT(V$7,"yyyy-mm-dd"),TAREAS!$J$21)),IF(TAREAS!$I$21="Registro Git","R",IF(TAREAS!$I$21="Despliegue documentado","D","L")),"")) | W22: =IF(TAREAS!$I$21="Propuesta",IF(AND(W$7>=TAREAS!$G$21,W$7<=TAREAS!$H$21,CALENDARIO!$C$27=1),"P",""),IF(ISNUMBER(SEARCH(TEXT(W$7,"yyyy-mm-dd"),TAREAS!$J$21)),IF(TAREAS!$I$21="Registro Git","R",IF(TAREAS!$I$21="Despliegue documentado","D","L")),"")) | X22: =IF(TAREAS!$I$21="Propuesta",IF(AND(X$7>=TAREAS!$G$21,X$7<=TAREAS!$H$21,CALENDARIO!$C$28=1),"P",""),IF(ISNUMBER(SEARCH(TEXT(X$7,"yyyy-mm-dd"),TAREAS!$J$21)),IF(TAREAS!$I$21="Registro Git","R",IF(TAREAS!$I$21="Despliegue documentado","D","L")),"")) | Y22: =IF(TAREAS!$I$21="Propuesta",IF(AND(Y$7>=TAREAS!$G$21,Y$7<=TAREAS!$H$21,CALENDARIO!$C$29=1),"P",""),IF(ISNUMBER(SEARCH(TEXT(Y$7,"yyyy-mm-dd"),TAREAS!$J$21)),IF(TAREAS!$I$21="Registro Git","R",IF(TAREAS!$I$21="Despliegue documentado","D","L")),"")) | Z22: =IF(TAREAS!$I$21="Propuesta",IF(AND(Z$7>=TAREAS!$G$21,Z$7<=TAREAS!$H$21,CALENDARIO!$C$30=1),"P",""),IF(ISNUMBER(SEARCH(TEXT(Z$7,"yyyy-mm-dd"),TAREAS!$J$21)),IF(TAREAS!$I$21="Registro Git","R",IF(TAREAS!$I$21="Despliegue documentado","D","L")),"")) | AA22: =IF(TAREAS!$I$21="Propuesta",IF(AND(AA$7>=TAREAS!$G$21,AA$7<=TAREAS!$H$21,CALENDARIO!$C$31=1),"P",""),IF(ISNUMBER(SEARCH(TEXT(AA$7,"yyyy-mm-dd"),TAREAS!$J$21)),IF(TAREAS!$I$21="Registro Git","R",IF(TAREAS!$I$21="Despliegue documentado","D","L")),"")) | AB22: =IF(TAREAS!$I$21="Propuesta",IF(AND(AB$7>=TAREAS!$G$21,AB$7<=TAREAS!$H$21,CALENDARIO!$C$32=1),"P",""),IF(ISNUMBER(SEARCH(TEXT(AB$7,"yyyy-mm-dd"),TAREAS!$J$21)),IF(TAREAS!$I$21="Registro Git","R",IF(TAREAS!$I$21="Despliegue documentado","D","L")),"")) | AC22: =IF(TAREAS!$I$21="Propuesta",IF(AND(AC$7>=TAREAS!$G$21,AC$7<=TAREAS!$H$21,CALENDARIO!$C$33=1),"P",""),IF(ISNUMBER(SEARCH(TEXT(AC$7,"yyyy-mm-dd"),TAREAS!$J$21)),IF(TAREAS!$I$21="Registro Git","R",IF(TAREAS!$I$21="Despliegue documentado","D","L")),"")) | AD22: =IF(TAREAS!$I$21="Propuesta",IF(AND(AD$7>=TAREAS!$G$21,AD$7<=TAREAS!$H$21,CALENDARIO!$C$34=1),"P",""),IF(ISNUMBER(SEARCH(TEXT(AD$7,"yyyy-mm-dd"),TAREAS!$J$21)),IF(TAREAS!$I$21="Registro Git","R",IF(TAREAS!$I$21="Despliegue documentado","D","L")),"")) | AE22: =IF(TAREAS!$I$21="Propuesta",IF(AND(AE$7>=TAREAS!$G$21,AE$7<=TAREAS!$H$21,CALENDARIO!$C$35=1),"P",""),IF(ISNUMBER(SEARCH(TEXT(AE$7,"yyyy-mm-dd"),TAREAS!$J$21)),IF(TAREAS!$I$21="Registro Git","R",IF(TAREAS!$I$21="Despliegue documentado","D","L")),"")) | AF22: =IF(TAREAS!$I$21="Propuesta",IF(AND(AF$7>=TAREAS!$G$21,AF$7<=TAREAS!$H$21,CALENDARIO!$C$36=1),"P",""),IF(ISNUMBER(SEARCH(TEXT(AF$7,"yyyy-mm-dd"),TAREAS!$J$21)),IF(TAREAS!$I$21="Registro Git","R",IF(TAREAS!$I$21="Despliegue documentado","D","L")),"")) | AG22: =IF(TAREAS!$I$21="Propuesta",IF(AND(AG$7>=TAREAS!$G$21,AG$7<=TAREAS!$H$21,CALENDARIO!$C$37=1),"P",""),IF(ISNUMBER(SEARCH(TEXT(AG$7,"yyyy-mm-dd"),TAREAS!$J$21)),IF(TAREAS!$I$21="Registro Git","R",IF(TAREAS!$I$21="Despliegue documentado","D","L")),"")) | AH22: =IF(TAREAS!$I$21="Propuesta",IF(AND(AH$7>=TAREAS!$G$21,AH$7<=TAREAS!$H$21,CALENDARIO!$C$38=1),"P",""),IF(ISNUMBER(SEARCH(TEXT(AH$7,"yyyy-mm-dd"),TAREAS!$J$21)),IF(TAREAS!$I$21="Registro Git","R",IF(TAREAS!$I$21="Despliegue documentado","D","L")),""))
A23: =TAREAS!C22 -> HU-G06 · Como usuario, quiero comunicarme con mi equipo y consultar avisos. | B23: =TAREAS!A22&" · "&TAREAS!D22 -> T-018 · Chat con alertas, imágenes y sonido | C23: =TAREAS!F22 -> JhonyVX, yeiserDev | D23: =COUNTIF(E23:AH23,"R")+COUNTIF(E23:AH23,"D")+COUNTIF(E23:AH23,"L")+COUNTIF(E23:AH23,"P") -> 2 | E23: =IF(TAREAS!$I$22="Propuesta",IF(AND(E$7>=TAREAS!$G$22,E$7<=TAREAS!$H$22,CALENDARIO!$C$9=1),"P",""),IF(ISNUMBER(SEARCH(TEXT(E$7,"yyyy-mm-dd"),TAREAS!$J$22)),IF(TAREAS!$I$22="Registro Git","R",IF(TAREAS!$I$22="Despliegue documentado","D","L")),"")) | F23: =IF(TAREAS!$I$22="Propuesta",IF(AND(F$7>=TAREAS!$G$22,F$7<=TAREAS!$H$22,CALENDARIO!$C$10=1),"P",""),IF(ISNUMBER(SEARCH(TEXT(F$7,"yyyy-mm-dd"),TAREAS!$J$22)),IF(TAREAS!$I$22="Registro Git","R",IF(TAREAS!$I$22="Despliegue documentado","D","L")),"")) | G23: =IF(TAREAS!$I$22="Propuesta",IF(AND(G$7>=TAREAS!$G$22,G$7<=TAREAS!$H$22,CALENDARIO!$C$11=1),"P",""),IF(ISNUMBER(SEARCH(TEXT(G$7,"yyyy-mm-dd"),TAREAS!$J$22)),IF(TAREAS!$I$22="Registro Git","R",IF(TAREAS!$I$22="Despliegue documentado","D","L")),"")) | H23: =IF(TAREAS!$I$22="Propuesta",IF(AND(H$7>=TAREAS!$G$22,H$7<=TAREAS!$H$22,CALENDARIO!$C$12=1),"P",""),IF(ISNUMBER(SEARCH(TEXT(H$7,"yyyy-mm-dd"),TAREAS!$J$22)),IF(TAREAS!$I$22="Registro Git","R",IF(TAREAS!$I$22="Despliegue documentado","D","L")),"")) | I23: =IF(TAREAS!$I$22="Propuesta",IF(AND(I$7>=TAREAS!$G$22,I$7<=TAREAS!$H$22,CALENDARIO!$C$13=1),"P",""),IF(ISNUMBER(SEARCH(TEXT(I$7,"yyyy-mm-dd"),TAREAS!$J$22)),IF(TAREAS!$I$22="Registro Git","R",IF(TAREAS!$I$22="Despliegue documentado","D","L")),"")) | J23: =IF(TAREAS!$I$22="Propuesta",IF(AND(J$7>=TAREAS!$G$22,J$7<=TAREAS!$H$22,CALENDARIO!$C$14=1),"P",""),IF(ISNUMBER(SEARCH(TEXT(J$7,"yyyy-mm-dd"),TAREAS!$J$22)),IF(TAREAS!$I$22="Registro Git","R",IF(TAREAS!$I$22="Despliegue documentado","D","L")),"")) | K23: =IF(TAREAS!$I$22="Propuesta",IF(AND(K$7>=TAREAS!$G$22,K$7<=TAREAS!$H$22,CALENDARIO!$C$15=1),"P",""),IF(ISNUMBER(SEARCH(TEXT(K$7,"yyyy-mm-dd"),TAREAS!$J$22)),IF(TAREAS!$I$22="Registro Git","R",IF(TAREAS!$I$22="Despliegue documentado","D","L")),"")) | L23: =IF(TAREAS!$I$22="Propuesta",IF(AND(L$7>=TAREAS!$G$22,L$7<=TAREAS!$H$22,CALENDARIO!$C$16=1),"P",""),IF(ISNUMBER(SEARCH(TEXT(L$7,"yyyy-mm-dd"),TAREAS!$J$22)),IF(TAREAS!$I$22="Registro Git","R",IF(TAREAS!$I$22="Despliegue documentado","D","L")),"")) | M23: =IF(TAREAS!$I$22="Propuesta",IF(AND(M$7>=TAREAS!$G$22,M$7<=TAREAS!$H$22,CALENDARIO!$C$17=1),"P",""),IF(ISNUMBER(SEARCH(TEXT(M$7,"yyyy-mm-dd"),TAREAS!$J$22)),IF(TAREAS!$I$22="Registro Git","R",IF(TAREAS!$I$22="Despliegue documentado","D","L")),"")) | N23: =IF(TAREAS!$I$22="Propuesta",IF(AND(N$7>=TAREAS!$G$22,N$7<=TAREAS!$H$22,CALENDARIO!$C$18=1),"P",""),IF(ISNUMBER(SEARCH(TEXT(N$7,"yyyy-mm-dd"),TAREAS!$J$22)),IF(TAREAS!$I$22="Registro Git","R",IF(TAREAS!$I$22="Despliegue documentado","D","L")),"")) | O23: =IF(TAREAS!$I$22="Propuesta",IF(AND(O$7>=TAREAS!$G$22,O$7<=TAREAS!$H$22,CALENDARIO!$C$19=1),"P",""),IF(ISNUMBER(SEARCH(TEXT(O$7,"yyyy-mm-dd"),TAREAS!$J$22)),IF(TAREAS!$I$22="Registro Git","R",IF(TAREAS!$I$22="Despliegue documentado","D","L")),"")) | P23: =IF(TAREAS!$I$22="Propuesta",IF(AND(P$7>=TAREAS!$G$22,P$7<=TAREAS!$H$22,CALENDARIO!$C$20=1),"P",""),IF(ISNUMBER(SEARCH(TEXT(P$7,"yyyy-mm-dd"),TAREAS!$J$22)),IF(TAREAS!$I$22="Registro Git","R",IF(TAREAS!$I$22="Despliegue documentado","D","L")),"")) | Q23: =IF(TAREAS!$I$22="Propuesta",IF(AND(Q$7>=TAREAS!$G$22,Q$7<=TAREAS!$H$22,CALENDARIO!$C$21=1),"P",""),IF(ISNUMBER(SEARCH(TEXT(Q$7,"yyyy-mm-dd"),TAREAS!$J$22)),IF(TAREAS!$I$22="Registro Git","R",IF(TAREAS!$I$22="Despliegue documentado","D","L")),"")) | R23: =IF(TAREAS!$I$22="Propuesta",IF(AND(R$7>=TAREAS!$G$22,R$7<=TAREAS!$H$22,CALENDARIO!$C$22=1),"P",""),IF(ISNUMBER(SEARCH(TEXT(R$7,"yyyy-mm-dd"),TAREAS!$J$22)),IF(TAREAS!$I$22="Registro Git","R",IF(TAREAS!$I$22="Despliegue documentado","D","L")),"")) -> R | S23: =IF(TAREAS!$I$22="Propuesta",IF(AND(S$7>=TAREAS!$G$22,S$7<=TAREAS!$H$22,CALENDARIO!$C$23=1),"P",""),IF(ISNUMBER(SEARCH(TEXT(S$7,"yyyy-mm-dd"),TAREAS!$J$22)),IF(TAREAS!$I$22="Registro Git","R",IF(TAREAS!$I$22="Despliegue documentado","D","L")),"")) -> R | T23: =IF(TAREAS!$I$22="Propuesta",IF(AND(T$7>=TAREAS!$G$22,T$7<=TAREAS!$H$22,CALENDARIO!$C$24=1),"P",""),IF(ISNUMBER(SEARCH(TEXT(T$7,"yyyy-mm-dd"),TAREAS!$J$22)),IF(TAREAS!$I$22="Registro Git","R",IF(TAREAS!$I$22="Despliegue documentado","D","L")),"")) | U23: =IF(TAREAS!$I$22="Propuesta",IF(AND(U$7>=TAREAS!$G$22,U$7<=TAREAS!$H$22,CALENDARIO!$C$25=1),"P",""),IF(ISNUMBER(SEARCH(TEXT(U$7,"yyyy-mm-dd"),TAREAS!$J$22)),IF(TAREAS!$I$22="Registro Git","R",IF(TAREAS!$I$22="Despliegue documentado","D","L")),"")) | V23: =IF(TAREAS!$I$22="Propuesta",IF(AND(V$7>=TAREAS!$G$22,V$7<=TAREAS!$H$22,CALENDARIO!$C$26=1),"P",""),IF(ISNUMBER(SEARCH(TEXT(V$7,"yyyy-mm-dd"),TAREAS!$J$22)),IF(TAREAS!$I$22="Registro Git","R",IF(TAREAS!$I$22="Despliegue documentado","D","L")),"")) | W23: =IF(TAREAS!$I$22="Propuesta",IF(AND(W$7>=TAREAS!$G$22,W$7<=TAREAS!$H$22,CALENDARIO!$C$27=1),"P",""),IF(ISNUMBER(SEARCH(TEXT(W$7,"yyyy-mm-dd"),TAREAS!$J$22)),IF(TAREAS!$I$22="Registro Git","R",IF(TAREAS!$I$22="Despliegue documentado","D","L")),"")) | X23: =IF(TAREAS!$I$22="Propuesta",IF(AND(X$7>=TAREAS!$G$22,X$7<=TAREAS!$H$22,CALENDARIO!$C$28=1),"P",""),IF(ISNUMBER(SEARCH(TEXT(X$7,"yyyy-mm-dd"),TAREAS!$J$22)),IF(TAREAS!$I$22="Registro Git","R",IF(TAREAS!$I$22="Despliegue documentado","D","L")),"")) | Y23: =IF(TAREAS!$I$22="Propuesta",IF(AND(Y$7>=TAREAS!$G$22,Y$7<=TAREAS!$H$22,CALENDARIO!$C$29=1),"P",""),IF(ISNUMBER(SEARCH(TEXT(Y$7,"yyyy-mm-dd"),TAREAS!$J$22)),IF(TAREAS!$I$22="Registro Git","R",IF(TAREAS!$I$22="Despliegue documentado","D","L")),"")) | Z23: =IF(TAREAS!$I$22="Propuesta",IF(AND(Z$7>=TAREAS!$G$22,Z$7<=TAREAS!$H$22,CALENDARIO!$C$30=1),"P",""),IF(ISNUMBER(SEARCH(TEXT(Z$7,"yyyy-mm-dd"),TAREAS!$J$22)),IF(TAREAS!$I$22="Registro Git","R",IF(TAREAS!$I$22="Despliegue documentado","D","L")),"")) | AA23: =IF(TAREAS!$I$22="Propuesta",IF(AND(AA$7>=TAREAS!$G$22,AA$7<=TAREAS!$H$22,CALENDARIO!$C$31=1),"P",""),IF(ISNUMBER(SEARCH(TEXT(AA$7,"yyyy-mm-dd"),TAREAS!$J$22)),IF(TAREAS!$I$22="Registro Git","R",IF(TAREAS!$I$22="Despliegue documentado","D","L")),"")) | AB23: =IF(TAREAS!$I$22="Propuesta",IF(AND(AB$7>=TAREAS!$G$22,AB$7<=TAREAS!$H$22,CALENDARIO!$C$32=1),"P",""),IF(ISNUMBER(SEARCH(TEXT(AB$7,"yyyy-mm-dd"),TAREAS!$J$22)),IF(TAREAS!$I$22="Registro Git","R",IF(TAREAS!$I$22="Despliegue documentado","D","L")),"")) | AC23: =IF(TAREAS!$I$22="Propuesta",IF(AND(AC$7>=TAREAS!$G$22,AC$7<=TAREAS!$H$22,CALENDARIO!$C$33=1),"P",""),IF(ISNUMBER(SEARCH(TEXT(AC$7,"yyyy-mm-dd"),TAREAS!$J$22)),IF(TAREAS!$I$22="Registro Git","R",IF(TAREAS!$I$22="Despliegue documentado","D","L")),"")) | AD23: =IF(TAREAS!$I$22="Propuesta",IF(AND(AD$7>=TAREAS!$G$22,AD$7<=TAREAS!$H$22,CALENDARIO!$C$34=1),"P",""),IF(ISNUMBER(SEARCH(TEXT(AD$7,"yyyy-mm-dd"),TAREAS!$J$22)),IF(TAREAS!$I$22="Registro Git","R",IF(TAREAS!$I$22="Despliegue documentado","D","L")),"")) | AE23: =IF(TAREAS!$I$22="Propuesta",IF(AND(AE$7>=TAREAS!$G$22,AE$7<=TAREAS!$H$22,CALENDARIO!$C$35=1),"P",""),IF(ISNUMBER(SEARCH(TEXT(AE$7,"yyyy-mm-dd"),TAREAS!$J$22)),IF(TAREAS!$I$22="Registro Git","R",IF(TAREAS!$I$22="Despliegue documentado","D","L")),"")) | AF23: =IF(TAREAS!$I$22="Propuesta",IF(AND(AF$7>=TAREAS!$G$22,AF$7<=TAREAS!$H$22,CALENDARIO!$C$36=1),"P",""),IF(ISNUMBER(SEARCH(TEXT(AF$7,"yyyy-mm-dd"),TAREAS!$J$22)),IF(TAREAS!$I$22="Registro Git","R",IF(TAREAS!$I$22="Despliegue documentado","D","L")),"")) | AG23: =IF(TAREAS!$I$22="Propuesta",IF(AND(AG$7>=TAREAS!$G$22,AG$7<=TAREAS!$H$22,CALENDARIO!$C$37=1),"P",""),IF(ISNUMBER(SEARCH(TEXT(AG$7,"yyyy-mm-dd"),TAREAS!$J$22)),IF(TAREAS!$I$22="Registro Git","R",IF(TAREAS!$I$22="Despliegue documentado","D","L")),"")) | AH23: =IF(TAREAS!$I$22="Propuesta",IF(AND(AH$7>=TAREAS!$G$22,AH$7<=TAREAS!$H$22,CALENDARIO!$C$38=1),"P",""),IF(ISNUMBER(SEARCH(TEXT(AH$7,"yyyy-mm-dd"),TAREAS!$J$22)),IF(TAREAS!$I$22="Registro Git","R",IF(TAREAS!$I$22="Despliegue documentado","D","L")),""))
A24: =TAREAS!C23 -> HU-G04 · Como colaborador, quiero entregar evidencias y conocer el cierre de mi jornada. | B24: =TAREAS!A23&" · "&TAREAS!D23 -> T-019 · Respeto de jornadas justificadas | C24: =TAREAS!F23 -> yeiserDev | D24: =COUNTIF(E24:AH24,"R")+COUNTIF(E24:AH24,"D")+COUNTIF(E24:AH24,"L")+COUNTIF(E24:AH24,"P") -> 1 | E24: =IF(TAREAS!$I$23="Propuesta",IF(AND(E$7>=TAREAS!$G$23,E$7<=TAREAS!$H$23,CALENDARIO!$C$9=1),"P",""),IF(ISNUMBER(SEARCH(TEXT(E$7,"yyyy-mm-dd"),TAREAS!$J$23)),IF(TAREAS!$I$23="Registro Git","R",IF(TAREAS!$I$23="Despliegue documentado","D","L")),"")) | F24: =IF(TAREAS!$I$23="Propuesta",IF(AND(F$7>=TAREAS!$G$23,F$7<=TAREAS!$H$23,CALENDARIO!$C$10=1),"P",""),IF(ISNUMBER(SEARCH(TEXT(F$7,"yyyy-mm-dd"),TAREAS!$J$23)),IF(TAREAS!$I$23="Registro Git","R",IF(TAREAS!$I$23="Despliegue documentado","D","L")),"")) | G24: =IF(TAREAS!$I$23="Propuesta",IF(AND(G$7>=TAREAS!$G$23,G$7<=TAREAS!$H$23,CALENDARIO!$C$11=1),"P",""),IF(ISNUMBER(SEARCH(TEXT(G$7,"yyyy-mm-dd"),TAREAS!$J$23)),IF(TAREAS!$I$23="Registro Git","R",IF(TAREAS!$I$23="Despliegue documentado","D","L")),"")) | H24: =IF(TAREAS!$I$23="Propuesta",IF(AND(H$7>=TAREAS!$G$23,H$7<=TAREAS!$H$23,CALENDARIO!$C$12=1),"P",""),IF(ISNUMBER(SEARCH(TEXT(H$7,"yyyy-mm-dd"),TAREAS!$J$23)),IF(TAREAS!$I$23="Registro Git","R",IF(TAREAS!$I$23="Despliegue documentado","D","L")),"")) | I24: =IF(TAREAS!$I$23="Propuesta",IF(AND(I$7>=TAREAS!$G$23,I$7<=TAREAS!$H$23,CALENDARIO!$C$13=1),"P",""),IF(ISNUMBER(SEARCH(TEXT(I$7,"yyyy-mm-dd"),TAREAS!$J$23)),IF(TAREAS!$I$23="Registro Git","R",IF(TAREAS!$I$23="Despliegue documentado","D","L")),"")) | J24: =IF(TAREAS!$I$23="Propuesta",IF(AND(J$7>=TAREAS!$G$23,J$7<=TAREAS!$H$23,CALENDARIO!$C$14=1),"P",""),IF(ISNUMBER(SEARCH(TEXT(J$7,"yyyy-mm-dd"),TAREAS!$J$23)),IF(TAREAS!$I$23="Registro Git","R",IF(TAREAS!$I$23="Despliegue documentado","D","L")),"")) | K24: =IF(TAREAS!$I$23="Propuesta",IF(AND(K$7>=TAREAS!$G$23,K$7<=TAREAS!$H$23,CALENDARIO!$C$15=1),"P",""),IF(ISNUMBER(SEARCH(TEXT(K$7,"yyyy-mm-dd"),TAREAS!$J$23)),IF(TAREAS!$I$23="Registro Git","R",IF(TAREAS!$I$23="Despliegue documentado","D","L")),"")) | L24: =IF(TAREAS!$I$23="Propuesta",IF(AND(L$7>=TAREAS!$G$23,L$7<=TAREAS!$H$23,CALENDARIO!$C$16=1),"P",""),IF(ISNUMBER(SEARCH(TEXT(L$7,"yyyy-mm-dd"),TAREAS!$J$23)),IF(TAREAS!$I$23="Registro Git","R",IF(TAREAS!$I$23="Despliegue documentado","D","L")),"")) | M24: =IF(TAREAS!$I$23="Propuesta",IF(AND(M$7>=TAREAS!$G$23,M$7<=TAREAS!$H$23,CALENDARIO!$C$17=1),"P",""),IF(ISNUMBER(SEARCH(TEXT(M$7,"yyyy-mm-dd"),TAREAS!$J$23)),IF(TAREAS!$I$23="Registro Git","R",IF(TAREAS!$I$23="Despliegue documentado","D","L")),"")) | N24: =IF(TAREAS!$I$23="Propuesta",IF(AND(N$7>=TAREAS!$G$23,N$7<=TAREAS!$H$23,CALENDARIO!$C$18=1),"P",""),IF(ISNUMBER(SEARCH(TEXT(N$7,"yyyy-mm-dd"),TAREAS!$J$23)),IF(TAREAS!$I$23="Registro Git","R",IF(TAREAS!$I$23="Despliegue documentado","D","L")),"")) | O24: =IF(TAREAS!$I$23="Propuesta",IF(AND(O$7>=TAREAS!$G$23,O$7<=TAREAS!$H$23,CALENDARIO!$C$19=1),"P",""),IF(ISNUMBER(SEARCH(TEXT(O$7,"yyyy-mm-dd"),TAREAS!$J$23)),IF(TAREAS!$I$23="Registro Git","R",IF(TAREAS!$I$23="Despliegue documentado","D","L")),"")) | P24: =IF(TAREAS!$I$23="Propuesta",IF(AND(P$7>=TAREAS!$G$23,P$7<=TAREAS!$H$23,CALENDARIO!$C$20=1),"P",""),IF(ISNUMBER(SEARCH(TEXT(P$7,"yyyy-mm-dd"),TAREAS!$J$23)),IF(TAREAS!$I$23="Registro Git","R",IF(TAREAS!$I$23="Despliegue documentado","D","L")),"")) | Q24: =IF(TAREAS!$I$23="Propuesta",IF(AND(Q$7>=TAREAS!$G$23,Q$7<=TAREAS!$H$23,CALENDARIO!$C$21=1),"P",""),IF(ISNUMBER(SEARCH(TEXT(Q$7,"yyyy-mm-dd"),TAREAS!$J$23)),IF(TAREAS!$I$23="Registro Git","R",IF(TAREAS!$I$23="Despliegue documentado","D","L")),"")) | R24: =IF(TAREAS!$I$23="Propuesta",IF(AND(R$7>=TAREAS!$G$23,R$7<=TAREAS!$H$23,CALENDARIO!$C$22=1),"P",""),IF(ISNUMBER(SEARCH(TEXT(R$7,"yyyy-mm-dd"),TAREAS!$J$23)),IF(TAREAS!$I$23="Registro Git","R",IF(TAREAS!$I$23="Despliegue documentado","D","L")),"")) | S24: =IF(TAREAS!$I$23="Propuesta",IF(AND(S$7>=TAREAS!$G$23,S$7<=TAREAS!$H$23,CALENDARIO!$C$23=1),"P",""),IF(ISNUMBER(SEARCH(TEXT(S$7,"yyyy-mm-dd"),TAREAS!$J$23)),IF(TAREAS!$I$23="Registro Git","R",IF(TAREAS!$I$23="Despliegue documentado","D","L")),"")) -> R | T24: =IF(TAREAS!$I$23="Propuesta",IF(AND(T$7>=TAREAS!$G$23,T$7<=TAREAS!$H$23,CALENDARIO!$C$24=1),"P",""),IF(ISNUMBER(SEARCH(TEXT(T$7,"yyyy-mm-dd"),TAREAS!$J$23)),IF(TAREAS!$I$23="Registro Git","R",IF(TAREAS!$I$23="Despliegue documentado","D","L")),"")) | U24: =IF(TAREAS!$I$23="Propuesta",IF(AND(U$7>=TAREAS!$G$23,U$7<=TAREAS!$H$23,CALENDARIO!$C$25=1),"P",""),IF(ISNUMBER(SEARCH(TEXT(U$7,"yyyy-mm-dd"),TAREAS!$J$23)),IF(TAREAS!$I$23="Registro Git","R",IF(TAREAS!$I$23="Despliegue documentado","D","L")),"")) | V24: =IF(TAREAS!$I$23="Propuesta",IF(AND(V$7>=TAREAS!$G$23,V$7<=TAREAS!$H$23,CALENDARIO!$C$26=1),"P",""),IF(ISNUMBER(SEARCH(TEXT(V$7,"yyyy-mm-dd"),TAREAS!$J$23)),IF(TAREAS!$I$23="Registro Git","R",IF(TAREAS!$I$23="Despliegue documentado","D","L")),"")) | W24: =IF(TAREAS!$I$23="Propuesta",IF(AND(W$7>=TAREAS!$G$23,W$7<=TAREAS!$H$23,CALENDARIO!$C$27=1),"P",""),IF(ISNUMBER(SEARCH(TEXT(W$7,"yyyy-mm-dd"),TAREAS!$J$23)),IF(TAREAS!$I$23="Registro Git","R",IF(TAREAS!$I$23="Despliegue documentado","D","L")),"")) | X24: =IF(TAREAS!$I$23="Propuesta",IF(AND(X$7>=TAREAS!$G$23,X$7<=TAREAS!$H$23,CALENDARIO!$C$28=1),"P",""),IF(ISNUMBER(SEARCH(TEXT(X$7,"yyyy-mm-dd"),TAREAS!$J$23)),IF(TAREAS!$I$23="Registro Git","R",IF(TAREAS!$I$23="Despliegue documentado","D","L")),"")) | Y24: =IF(TAREAS!$I$23="Propuesta",IF(AND(Y$7>=TAREAS!$G$23,Y$7<=TAREAS!$H$23,CALENDARIO!$C$29=1),"P",""),IF(ISNUMBER(SEARCH(TEXT(Y$7,"yyyy-mm-dd"),TAREAS!$J$23)),IF(TAREAS!$I$23="Registro Git","R",IF(TAREAS!$I$23="Despliegue documentado","D","L")),"")) | Z24: =IF(TAREAS!$I$23="Propuesta",IF(AND(Z$7>=TAREAS!$G$23,Z$7<=TAREAS!$H$23,CALENDARIO!$C$30=1),"P",""),IF(ISNUMBER(SEARCH(TEXT(Z$7,"yyyy-mm-dd"),TAREAS!$J$23)),IF(TAREAS!$I$23="Registro Git","R",IF(TAREAS!$I$23="Despliegue documentado","D","L")),"")) | AA24: =IF(TAREAS!$I$23="Propuesta",IF(AND(AA$7>=TAREAS!$G$23,AA$7<=TAREAS!$H$23,CALENDARIO!$C$31=1),"P",""),IF(ISNUMBER(SEARCH(TEXT(AA$7,"yyyy-mm-dd"),TAREAS!$J$23)),IF(TAREAS!$I$23="Registro Git","R",IF(TAREAS!$I$23="Despliegue documentado","D","L")),"")) | AB24: =IF(TAREAS!$I$23="Propuesta",IF(AND(AB$7>=TAREAS!$G$23,AB$7<=TAREAS!$H$23,CALENDARIO!$C$32=1),"P",""),IF(ISNUMBER(SEARCH(TEXT(AB$7,"yyyy-mm-dd"),TAREAS!$J$23)),IF(TAREAS!$I$23="Registro Git","R",IF(TAREAS!$I$23="Despliegue documentado","D","L")),"")) | AC24: =IF(TAREAS!$I$23="Propuesta",IF(AND(AC$7>=TAREAS!$G$23,AC$7<=TAREAS!$H$23,CALENDARIO!$C$33=1),"P",""),IF(ISNUMBER(SEARCH(TEXT(AC$7,"yyyy-mm-dd"),TAREAS!$J$23)),IF(TAREAS!$I$23="Registro Git","R",IF(TAREAS!$I$23="Despliegue documentado","D","L")),"")) | AD24: =IF(TAREAS!$I$23="Propuesta",IF(AND(AD$7>=TAREAS!$G$23,AD$7<=TAREAS!$H$23,CALENDARIO!$C$34=1),"P",""),IF(ISNUMBER(SEARCH(TEXT(AD$7,"yyyy-mm-dd"),TAREAS!$J$23)),IF(TAREAS!$I$23="Registro Git","R",IF(TAREAS!$I$23="Despliegue documentado","D","L")),"")) | AE24: =IF(TAREAS!$I$23="Propuesta",IF(AND(AE$7>=TAREAS!$G$23,AE$7<=TAREAS!$H$23,CALENDARIO!$C$35=1),"P",""),IF(ISNUMBER(SEARCH(TEXT(AE$7,"yyyy-mm-dd"),TAREAS!$J$23)),IF(TAREAS!$I$23="Registro Git","R",IF(TAREAS!$I$23="Despliegue documentado","D","L")),"")) | AF24: =IF(TAREAS!$I$23="Propuesta",IF(AND(AF$7>=TAREAS!$G$23,AF$7<=TAREAS!$H$23,CALENDARIO!$C$36=1),"P",""),IF(ISNUMBER(SEARCH(TEXT(AF$7,"yyyy-mm-dd"),TAREAS!$J$23)),IF(TAREAS!$I$23="Registro Git","R",IF(TAREAS!$I$23="Despliegue documentado","D","L")),"")) | AG24: =IF(TAREAS!$I$23="Propuesta",IF(AND(AG$7>=TAREAS!$G$23,AG$7<=TAREAS!$H$23,CALENDARIO!$C$37=1),"P",""),IF(ISNUMBER(SEARCH(TEXT(AG$7,"yyyy-mm-dd"),TAREAS!$J$23)),IF(TAREAS!$I$23="Registro Git","R",IF(TAREAS!$I$23="Despliegue documentado","D","L")),"")) | AH24: =IF(TAREAS!$I$23="Propuesta",IF(AND(AH$7>=TAREAS!$G$23,AH$7<=TAREAS!$H$23,CALENDARIO!$C$38=1),"P",""),IF(ISNUMBER(SEARCH(TEXT(AH$7,"yyyy-mm-dd"),TAREAS!$J$23)),IF(TAREAS!$I$23="Registro Git","R",IF(TAREAS!$I$23="Despliegue documentado","D","L")),""))
A25: =TAREAS!C24 -> HU-G04 · Como colaborador, quiero entregar evidencias y conocer el cierre de mi jornada. | B25: =TAREAS!A24&" · "&TAREAS!D24 -> T-020 · Preparación de comprobantes para WhatsApp | C25: =TAREAS!F24 -> yeiserDev | D25: =COUNTIF(E25:AH25,"R")+COUNTIF(E25:AH25,"D")+COUNTIF(E25:AH25,"L")+COUNTIF(E25:AH25,"P") -> 1 | E25: =IF(TAREAS!$I$24="Propuesta",IF(AND(E$7>=TAREAS!$G$24,E$7<=TAREAS!$H$24,CALENDARIO!$C$9=1),"P",""),IF(ISNUMBER(SEARCH(TEXT(E$7,"yyyy-mm-dd"),TAREAS!$J$24)),IF(TAREAS!$I$24="Registro Git","R",IF(TAREAS!$I$24="Despliegue documentado","D","L")),"")) | F25: =IF(TAREAS!$I$24="Propuesta",IF(AND(F$7>=TAREAS!$G$24,F$7<=TAREAS!$H$24,CALENDARIO!$C$10=1),"P",""),IF(ISNUMBER(SEARCH(TEXT(F$7,"yyyy-mm-dd"),TAREAS!$J$24)),IF(TAREAS!$I$24="Registro Git","R",IF(TAREAS!$I$24="Despliegue documentado","D","L")),"")) | G25: =IF(TAREAS!$I$24="Propuesta",IF(AND(G$7>=TAREAS!$G$24,G$7<=TAREAS!$H$24,CALENDARIO!$C$11=1),"P",""),IF(ISNUMBER(SEARCH(TEXT(G$7,"yyyy-mm-dd"),TAREAS!$J$24)),IF(TAREAS!$I$24="Registro Git","R",IF(TAREAS!$I$24="Despliegue documentado","D","L")),"")) | H25: =IF(TAREAS!$I$24="Propuesta",IF(AND(H$7>=TAREAS!$G$24,H$7<=TAREAS!$H$24,CALENDARIO!$C$12=1),"P",""),IF(ISNUMBER(SEARCH(TEXT(H$7,"yyyy-mm-dd"),TAREAS!$J$24)),IF(TAREAS!$I$24="Registro Git","R",IF(TAREAS!$I$24="Despliegue documentado","D","L")),"")) | I25: =IF(TAREAS!$I$24="Propuesta",IF(AND(I$7>=TAREAS!$G$24,I$7<=TAREAS!$H$24,CALENDARIO!$C$13=1),"P",""),IF(ISNUMBER(SEARCH(TEXT(I$7,"yyyy-mm-dd"),TAREAS!$J$24)),IF(TAREAS!$I$24="Registro Git","R",IF(TAREAS!$I$24="Despliegue documentado","D","L")),"")) | J25: =IF(TAREAS!$I$24="Propuesta",IF(AND(J$7>=TAREAS!$G$24,J$7<=TAREAS!$H$24,CALENDARIO!$C$14=1),"P",""),IF(ISNUMBER(SEARCH(TEXT(J$7,"yyyy-mm-dd"),TAREAS!$J$24)),IF(TAREAS!$I$24="Registro Git","R",IF(TAREAS!$I$24="Despliegue documentado","D","L")),"")) | K25: =IF(TAREAS!$I$24="Propuesta",IF(AND(K$7>=TAREAS!$G$24,K$7<=TAREAS!$H$24,CALENDARIO!$C$15=1),"P",""),IF(ISNUMBER(SEARCH(TEXT(K$7,"yyyy-mm-dd"),TAREAS!$J$24)),IF(TAREAS!$I$24="Registro Git","R",IF(TAREAS!$I$24="Despliegue documentado","D","L")),"")) | L25: =IF(TAREAS!$I$24="Propuesta",IF(AND(L$7>=TAREAS!$G$24,L$7<=TAREAS!$H$24,CALENDARIO!$C$16=1),"P",""),IF(ISNUMBER(SEARCH(TEXT(L$7,"yyyy-mm-dd"),TAREAS!$J$24)),IF(TAREAS!$I$24="Registro Git","R",IF(TAREAS!$I$24="Despliegue documentado","D","L")),"")) | M25: =IF(TAREAS!$I$24="Propuesta",IF(AND(M$7>=TAREAS!$G$24,M$7<=TAREAS!$H$24,CALENDARIO!$C$17=1),"P",""),IF(ISNUMBER(SEARCH(TEXT(M$7,"yyyy-mm-dd"),TAREAS!$J$24)),IF(TAREAS!$I$24="Registro Git","R",IF(TAREAS!$I$24="Despliegue documentado","D","L")),"")) | N25: =IF(TAREAS!$I$24="Propuesta",IF(AND(N$7>=TAREAS!$G$24,N$7<=TAREAS!$H$24,CALENDARIO!$C$18=1),"P",""),IF(ISNUMBER(SEARCH(TEXT(N$7,"yyyy-mm-dd"),TAREAS!$J$24)),IF(TAREAS!$I$24="Registro Git","R",IF(TAREAS!$I$24="Despliegue documentado","D","L")),"")) | O25: =IF(TAREAS!$I$24="Propuesta",IF(AND(O$7>=TAREAS!$G$24,O$7<=TAREAS!$H$24,CALENDARIO!$C$19=1),"P",""),IF(ISNUMBER(SEARCH(TEXT(O$7,"yyyy-mm-dd"),TAREAS!$J$24)),IF(TAREAS!$I$24="Registro Git","R",IF(TAREAS!$I$24="Despliegue documentado","D","L")),"")) | P25: =IF(TAREAS!$I$24="Propuesta",IF(AND(P$7>=TAREAS!$G$24,P$7<=TAREAS!$H$24,CALENDARIO!$C$20=1),"P",""),IF(ISNUMBER(SEARCH(TEXT(P$7,"yyyy-mm-dd"),TAREAS!$J$24)),IF(TAREAS!$I$24="Registro Git","R",IF(TAREAS!$I$24="Despliegue documentado","D","L")),"")) | Q25: =IF(TAREAS!$I$24="Propuesta",IF(AND(Q$7>=TAREAS!$G$24,Q$7<=TAREAS!$H$24,CALENDARIO!$C$21=1),"P",""),IF(ISNUMBER(SEARCH(TEXT(Q$7,"yyyy-mm-dd"),TAREAS!$J$24)),IF(TAREAS!$I$24="Registro Git","R",IF(TAREAS!$I$24="Despliegue documentado","D","L")),"")) | R25: =IF(TAREAS!$I$24="Propuesta",IF(AND(R$7>=TAREAS!$G$24,R$7<=TAREAS!$H$24,CALENDARIO!$C$22=1),"P",""),IF(ISNUMBER(SEARCH(TEXT(R$7,"yyyy-mm-dd"),TAREAS!$J$24)),IF(TAREAS!$I$24="Registro Git","R",IF(TAREAS!$I$24="Despliegue documentado","D","L")),"")) | S25: =IF(TAREAS!$I$24="Propuesta",IF(AND(S$7>=TAREAS!$G$24,S$7<=TAREAS!$H$24,CALENDARIO!$C$23=1),"P",""),IF(ISNUMBER(SEARCH(TEXT(S$7,"yyyy-mm-dd"),TAREAS!$J$24)),IF(TAREAS!$I$24="Registro Git","R",IF(TAREAS!$I$24="Despliegue documentado","D","L")),"")) | T25: =IF(TAREAS!$I$24="Propuesta",IF(AND(T$7>=TAREAS!$G$24,T$7<=TAREAS!$H$24,CALENDARIO!$C$24=1),"P",""),IF(ISNUMBER(SEARCH(TEXT(T$7,"yyyy-mm-dd"),TAREAS!$J$24)),IF(TAREAS!$I$24="Registro Git","R",IF(TAREAS!$I$24="Despliegue documentado","D","L")),"")) -> R | U25: =IF(TAREAS!$I$24="Propuesta",IF(AND(U$7>=TAREAS!$G$24,U$7<=TAREAS!$H$24,CALENDARIO!$C$25=1),"P",""),IF(ISNUMBER(SEARCH(TEXT(U$7,"yyyy-mm-dd"),TAREAS!$J$24)),IF(TAREAS!$I$24="Registro Git","R",IF(TAREAS!$I$24="Despliegue documentado","D","L")),"")) | V25: =IF(TAREAS!$I$24="Propuesta",IF(AND(V$7>=TAREAS!$G$24,V$7<=TAREAS!$H$24,CALENDARIO!$C$26=1),"P",""),IF(ISNUMBER(SEARCH(TEXT(V$7,"yyyy-mm-dd"),TAREAS!$J$24)),IF(TAREAS!$I$24="Registro Git","R",IF(TAREAS!$I$24="Despliegue documentado","D","L")),"")) | W25: =IF(TAREAS!$I$24="Propuesta",IF(AND(W$7>=TAREAS!$G$24,W$7<=TAREAS!$H$24,CALENDARIO!$C$27=1),"P",""),IF(ISNUMBER(SEARCH(TEXT(W$7,"yyyy-mm-dd"),TAREAS!$J$24)),IF(TAREAS!$I$24="Registro Git","R",IF(TAREAS!$I$24="Despliegue documentado","D","L")),"")) | X25: =IF(TAREAS!$I$24="Propuesta",IF(AND(X$7>=TAREAS!$G$24,X$7<=TAREAS!$H$24,CALENDARIO!$C$28=1),"P",""),IF(ISNUMBER(SEARCH(TEXT(X$7,"yyyy-mm-dd"),TAREAS!$J$24)),IF(TAREAS!$I$24="Registro Git","R",IF(TAREAS!$I$24="Despliegue documentado","D","L")),"")) | Y25: =IF(TAREAS!$I$24="Propuesta",IF(AND(Y$7>=TAREAS!$G$24,Y$7<=TAREAS!$H$24,CALENDARIO!$C$29=1),"P",""),IF(ISNUMBER(SEARCH(TEXT(Y$7,"yyyy-mm-dd"),TAREAS!$J$24)),IF(TAREAS!$I$24="Registro Git","R",IF(TAREAS!$I$24="Despliegue documentado","D","L")),"")) | Z25: =IF(TAREAS!$I$24="Propuesta",IF(AND(Z$7>=TAREAS!$G$24,Z$7<=TAREAS!$H$24,CALENDARIO!$C$30=1),"P",""),IF(ISNUMBER(SEARCH(TEXT(Z$7,"yyyy-mm-dd"),TAREAS!$J$24)),IF(TAREAS!$I$24="Registro Git","R",IF(TAREAS!$I$24="Despliegue documentado","D","L")),"")) | AA25: =IF(TAREAS!$I$24="Propuesta",IF(AND(AA$7>=TAREAS!$G$24,AA$7<=TAREAS!$H$24,CALENDARIO!$C$31=1),"P",""),IF(ISNUMBER(SEARCH(TEXT(AA$7,"yyyy-mm-dd"),TAREAS!$J$24)),IF(TAREAS!$I$24="Registro Git","R",IF(TAREAS!$I$24="Despliegue documentado","D","L")),"")) | AB25: =IF(TAREAS!$I$24="Propuesta",IF(AND(AB$7>=TAREAS!$G$24,AB$7<=TAREAS!$H$24,CALENDARIO!$C$32=1),"P",""),IF(ISNUMBER(SEARCH(TEXT(AB$7,"yyyy-mm-dd"),TAREAS!$J$24)),IF(TAREAS!$I$24="Registro Git","R",IF(TAREAS!$I$24="Despliegue documentado","D","L")),"")) | AC25: =IF(TAREAS!$I$24="Propuesta",IF(AND(AC$7>=TAREAS!$G$24,AC$7<=TAREAS!$H$24,CALENDARIO!$C$33=1),"P",""),IF(ISNUMBER(SEARCH(TEXT(AC$7,"yyyy-mm-dd"),TAREAS!$J$24)),IF(TAREAS!$I$24="Registro Git","R",IF(TAREAS!$I$24="Despliegue documentado","D","L")),"")) | AD25: =IF(TAREAS!$I$24="Propuesta",IF(AND(AD$7>=TAREAS!$G$24,AD$7<=TAREAS!$H$24,CALENDARIO!$C$34=1),"P",""),IF(ISNUMBER(SEARCH(TEXT(AD$7,"yyyy-mm-dd"),TAREAS!$J$24)),IF(TAREAS!$I$24="Registro Git","R",IF(TAREAS!$I$24="Despliegue documentado","D","L")),"")) | AE25: =IF(TAREAS!$I$24="Propuesta",IF(AND(AE$7>=TAREAS!$G$24,AE$7<=TAREAS!$H$24,CALENDARIO!$C$35=1),"P",""),IF(ISNUMBER(SEARCH(TEXT(AE$7,"yyyy-mm-dd"),TAREAS!$J$24)),IF(TAREAS!$I$24="Registro Git","R",IF(TAREAS!$I$24="Despliegue documentado","D","L")),"")) | AF25: =IF(TAREAS!$I$24="Propuesta",IF(AND(AF$7>=TAREAS!$G$24,AF$7<=TAREAS!$H$24,CALENDARIO!$C$36=1),"P",""),IF(ISNUMBER(SEARCH(TEXT(AF$7,"yyyy-mm-dd"),TAREAS!$J$24)),IF(TAREAS!$I$24="Registro Git","R",IF(TAREAS!$I$24="Despliegue documentado","D","L")),"")) | AG25: =IF(TAREAS!$I$24="Propuesta",IF(AND(AG$7>=TAREAS!$G$24,AG$7<=TAREAS!$H$24,CALENDARIO!$C$37=1),"P",""),IF(ISNUMBER(SEARCH(TEXT(AG$7,"yyyy-mm-dd"),TAREAS!$J$24)),IF(TAREAS!$I$24="Registro Git","R",IF(TAREAS!$I$24="Despliegue documentado","D","L")),"")) | AH25: =IF(TAREAS!$I$24="Propuesta",IF(AND(AH$7>=TAREAS!$G$24,AH$7<=TAREAS!$H$24,CALENDARIO!$C$38=1),"P",""),IF(ISNUMBER(SEARCH(TEXT(AH$7,"yyyy-mm-dd"),TAREAS!$J$24)),IF(TAREAS!$I$24="Registro Git","R",IF(TAREAS!$I$24="Despliegue documentado","D","L")),""))
A26: =TAREAS!C25 -> HU-G09 · Como equipo, queremos requisitos y planificación trazables. | B26: =TAREAS!A25&" · "&TAREAS!D25 -> T-021 · Primera documentación de secuencias administrativas | C26: =TAREAS!F25 -> yeiserDev | D26: =COUNTIF(E26:AH26,"R")+COUNTIF(E26:AH26,"D")+COUNTIF(E26:AH26,"L")+COUNTIF(E26:AH26,"P") -> 1 | E26: =IF(TAREAS!$I$25="Propuesta",IF(AND(E$7>=TAREAS!$G$25,E$7<=TAREAS!$H$25,CALENDARIO!$C$9=1),"P",""),IF(ISNUMBER(SEARCH(TEXT(E$7,"yyyy-mm-dd"),TAREAS!$J$25)),IF(TAREAS!$I$25="Registro Git","R",IF(TAREAS!$I$25="Despliegue documentado","D","L")),"")) | F26: =IF(TAREAS!$I$25="Propuesta",IF(AND(F$7>=TAREAS!$G$25,F$7<=TAREAS!$H$25,CALENDARIO!$C$10=1),"P",""),IF(ISNUMBER(SEARCH(TEXT(F$7,"yyyy-mm-dd"),TAREAS!$J$25)),IF(TAREAS!$I$25="Registro Git","R",IF(TAREAS!$I$25="Despliegue documentado","D","L")),"")) | G26: =IF(TAREAS!$I$25="Propuesta",IF(AND(G$7>=TAREAS!$G$25,G$7<=TAREAS!$H$25,CALENDARIO!$C$11=1),"P",""),IF(ISNUMBER(SEARCH(TEXT(G$7,"yyyy-mm-dd"),TAREAS!$J$25)),IF(TAREAS!$I$25="Registro Git","R",IF(TAREAS!$I$25="Despliegue documentado","D","L")),"")) | H26: =IF(TAREAS!$I$25="Propuesta",IF(AND(H$7>=TAREAS!$G$25,H$7<=TAREAS!$H$25,CALENDARIO!$C$12=1),"P",""),IF(ISNUMBER(SEARCH(TEXT(H$7,"yyyy-mm-dd"),TAREAS!$J$25)),IF(TAREAS!$I$25="Registro Git","R",IF(TAREAS!$I$25="Despliegue documentado","D","L")),"")) | I26: =IF(TAREAS!$I$25="Propuesta",IF(AND(I$7>=TAREAS!$G$25,I$7<=TAREAS!$H$25,CALENDARIO!$C$13=1),"P",""),IF(ISNUMBER(SEARCH(TEXT(I$7,"yyyy-mm-dd"),TAREAS!$J$25)),IF(TAREAS!$I$25="Registro Git","R",IF(TAREAS!$I$25="Despliegue documentado","D","L")),"")) | J26: =IF(TAREAS!$I$25="Propuesta",IF(AND(J$7>=TAREAS!$G$25,J$7<=TAREAS!$H$25,CALENDARIO!$C$14=1),"P",""),IF(ISNUMBER(SEARCH(TEXT(J$7,"yyyy-mm-dd"),TAREAS!$J$25)),IF(TAREAS!$I$25="Registro Git","R",IF(TAREAS!$I$25="Despliegue documentado","D","L")),"")) | K26: =IF(TAREAS!$I$25="Propuesta",IF(AND(K$7>=TAREAS!$G$25,K$7<=TAREAS!$H$25,CALENDARIO!$C$15=1),"P",""),IF(ISNUMBER(SEARCH(TEXT(K$7,"yyyy-mm-dd"),TAREAS!$J$25)),IF(TAREAS!$I$25="Registro Git","R",IF(TAREAS!$I$25="Despliegue documentado","D","L")),"")) | L26: =IF(TAREAS!$I$25="Propuesta",IF(AND(L$7>=TAREAS!$G$25,L$7<=TAREAS!$H$25,CALENDARIO!$C$16=1),"P",""),IF(ISNUMBER(SEARCH(TEXT(L$7,"yyyy-mm-dd"),TAREAS!$J$25)),IF(TAREAS!$I$25="Registro Git","R",IF(TAREAS!$I$25="Despliegue documentado","D","L")),"")) | M26: =IF(TAREAS!$I$25="Propuesta",IF(AND(M$7>=TAREAS!$G$25,M$7<=TAREAS!$H$25,CALENDARIO!$C$17=1),"P",""),IF(ISNUMBER(SEARCH(TEXT(M$7,"yyyy-mm-dd"),TAREAS!$J$25)),IF(TAREAS!$I$25="Registro Git","R",IF(TAREAS!$I$25="Despliegue documentado","D","L")),"")) | N26: =IF(TAREAS!$I$25="Propuesta",IF(AND(N$7>=TAREAS!$G$25,N$7<=TAREAS!$H$25,CALENDARIO!$C$18=1),"P",""),IF(ISNUMBER(SEARCH(TEXT(N$7,"yyyy-mm-dd"),TAREAS!$J$25)),IF(TAREAS!$I$25="Registro Git","R",IF(TAREAS!$I$25="Despliegue documentado","D","L")),"")) | O26: =IF(TAREAS!$I$25="Propuesta",IF(AND(O$7>=TAREAS!$G$25,O$7<=TAREAS!$H$25,CALENDARIO!$C$19=1),"P",""),IF(ISNUMBER(SEARCH(TEXT(O$7,"yyyy-mm-dd"),TAREAS!$J$25)),IF(TAREAS!$I$25="Registro Git","R",IF(TAREAS!$I$25="Despliegue documentado","D","L")),"")) | P26: =IF(TAREAS!$I$25="Propuesta",IF(AND(P$7>=TAREAS!$G$25,P$7<=TAREAS!$H$25,CALENDARIO!$C$20=1),"P",""),IF(ISNUMBER(SEARCH(TEXT(P$7,"yyyy-mm-dd"),TAREAS!$J$25)),IF(TAREAS!$I$25="Registro Git","R",IF(TAREAS!$I$25="Despliegue documentado","D","L")),"")) | Q26: =IF(TAREAS!$I$25="Propuesta",IF(AND(Q$7>=TAREAS!$G$25,Q$7<=TAREAS!$H$25,CALENDARIO!$C$21=1),"P",""),IF(ISNUMBER(SEARCH(TEXT(Q$7,"yyyy-mm-dd"),TAREAS!$J$25)),IF(TAREAS!$I$25="Registro Git","R",IF(TAREAS!$I$25="Despliegue documentado","D","L")),"")) | R26: =IF(TAREAS!$I$25="Propuesta",IF(AND(R$7>=TAREAS!$G$25,R$7<=TAREAS!$H$25,CALENDARIO!$C$22=1),"P",""),IF(ISNUMBER(SEARCH(TEXT(R$7,"yyyy-mm-dd"),TAREAS!$J$25)),IF(TAREAS!$I$25="Registro Git","R",IF(TAREAS!$I$25="Despliegue documentado","D","L")),"")) | S26: =IF(TAREAS!$I$25="Propuesta",IF(AND(S$7>=TAREAS!$G$25,S$7<=TAREAS!$H$25,CALENDARIO!$C$23=1),"P",""),IF(ISNUMBER(SEARCH(TEXT(S$7,"yyyy-mm-dd"),TAREAS!$J$25)),IF(TAREAS!$I$25="Registro Git","R",IF(TAREAS!$I$25="Despliegue documentado","D","L")),"")) | T26: =IF(TAREAS!$I$25="Propuesta",IF(AND(T$7>=TAREAS!$G$25,T$7<=TAREAS!$H$25,CALENDARIO!$C$24=1),"P",""),IF(ISNUMBER(SEARCH(TEXT(T$7,"yyyy-mm-dd"),TAREAS!$J$25)),IF(TAREAS!$I$25="Registro Git","R",IF(TAREAS!$I$25="Despliegue documentado","D","L")),"")) -> R | U26: =IF(TAREAS!$I$25="Propuesta",IF(AND(U$7>=TAREAS!$G$25,U$7<=TAREAS!$H$25,CALENDARIO!$C$25=1),"P",""),IF(ISNUMBER(SEARCH(TEXT(U$7,"yyyy-mm-dd"),TAREAS!$J$25)),IF(TAREAS!$I$25="Registro Git","R",IF(TAREAS!$I$25="Despliegue documentado","D","L")),"")) | V26: =IF(TAREAS!$I$25="Propuesta",IF(AND(V$7>=TAREAS!$G$25,V$7<=TAREAS!$H$25,CALENDARIO!$C$26=1),"P",""),IF(ISNUMBER(SEARCH(TEXT(V$7,"yyyy-mm-dd"),TAREAS!$J$25)),IF(TAREAS!$I$25="Registro Git","R",IF(TAREAS!$I$25="Despliegue documentado","D","L")),"")) | W26: =IF(TAREAS!$I$25="Propuesta",IF(AND(W$7>=TAREAS!$G$25,W$7<=TAREAS!$H$25,CALENDARIO!$C$27=1),"P",""),IF(ISNUMBER(SEARCH(TEXT(W$7,"yyyy-mm-dd"),TAREAS!$J$25)),IF(TAREAS!$I$25="Registro Git","R",IF(TAREAS!$I$25="Despliegue documentado","D","L")),"")) | X26: =IF(TAREAS!$I$25="Propuesta",IF(AND(X$7>=TAREAS!$G$25,X$7<=TAREAS!$H$25,CALENDARIO!$C$28=1),"P",""),IF(ISNUMBER(SEARCH(TEXT(X$7,"yyyy-mm-dd"),TAREAS!$J$25)),IF(TAREAS!$I$25="Registro Git","R",IF(TAREAS!$I$25="Despliegue documentado","D","L")),"")) | Y26: =IF(TAREAS!$I$25="Propuesta",IF(AND(Y$7>=TAREAS!$G$25,Y$7<=TAREAS!$H$25,CALENDARIO!$C$29=1),"P",""),IF(ISNUMBER(SEARCH(TEXT(Y$7,"yyyy-mm-dd"),TAREAS!$J$25)),IF(TAREAS!$I$25="Registro Git","R",IF(TAREAS!$I$25="Despliegue documentado","D","L")),"")) | Z26: =IF(TAREAS!$I$25="Propuesta",IF(AND(Z$7>=TAREAS!$G$25,Z$7<=TAREAS!$H$25,CALENDARIO!$C$30=1),"P",""),IF(ISNUMBER(SEARCH(TEXT(Z$7,"yyyy-mm-dd"),TAREAS!$J$25)),IF(TAREAS!$I$25="Registro Git","R",IF(TAREAS!$I$25="Despliegue documentado","D","L")),"")) | AA26: =IF(TAREAS!$I$25="Propuesta",IF(AND(AA$7>=TAREAS!$G$25,AA$7<=TAREAS!$H$25,CALENDARIO!$C$31=1),"P",""),IF(ISNUMBER(SEARCH(TEXT(AA$7,"yyyy-mm-dd"),TAREAS!$J$25)),IF(TAREAS!$I$25="Registro Git","R",IF(TAREAS!$I$25="Despliegue documentado","D","L")),"")) | AB26: =IF(TAREAS!$I$25="Propuesta",IF(AND(AB$7>=TAREAS!$G$25,AB$7<=TAREAS!$H$25,CALENDARIO!$C$32=1),"P",""),IF(ISNUMBER(SEARCH(TEXT(AB$7,"yyyy-mm-dd"),TAREAS!$J$25)),IF(TAREAS!$I$25="Registro Git","R",IF(TAREAS!$I$25="Despliegue documentado","D","L")),"")) | AC26: =IF(TAREAS!$I$25="Propuesta",IF(AND(AC$7>=TAREAS!$G$25,AC$7<=TAREAS!$H$25,CALENDARIO!$C$33=1),"P",""),IF(ISNUMBER(SEARCH(TEXT(AC$7,"yyyy-mm-dd"),TAREAS!$J$25)),IF(TAREAS!$I$25="Registro Git","R",IF(TAREAS!$I$25="Despliegue documentado","D","L")),"")) | AD26: =IF(TAREAS!$I$25="Propuesta",IF(AND(AD$7>=TAREAS!$G$25,AD$7<=TAREAS!$H$25,CALENDARIO!$C$34=1),"P",""),IF(ISNUMBER(SEARCH(TEXT(AD$7,"yyyy-mm-dd"),TAREAS!$J$25)),IF(TAREAS!$I$25="Registro Git","R",IF(TAREAS!$I$25="Despliegue documentado","D","L")),"")) | AE26: =IF(TAREAS!$I$25="Propuesta",IF(AND(AE$7>=TAREAS!$G$25,AE$7<=TAREAS!$H$25,CALENDARIO!$C$35=1),"P",""),IF(ISNUMBER(SEARCH(TEXT(AE$7,"yyyy-mm-dd"),TAREAS!$J$25)),IF(TAREAS!$I$25="Registro Git","R",IF(TAREAS!$I$25="Despliegue documentado","D","L")),"")) | AF26: =IF(TAREAS!$I$25="Propuesta",IF(AND(AF$7>=TAREAS!$G$25,AF$7<=TAREAS!$H$25,CALENDARIO!$C$36=1),"P",""),IF(ISNUMBER(SEARCH(TEXT(AF$7,"yyyy-mm-dd"),TAREAS!$J$25)),IF(TAREAS!$I$25="Registro Git","R",IF(TAREAS!$I$25="Despliegue documentado","D","L")),"")) | AG26: =IF(TAREAS!$I$25="Propuesta",IF(AND(AG$7>=TAREAS!$G$25,AG$7<=TAREAS!$H$25,CALENDARIO!$C$37=1),"P",""),IF(ISNUMBER(SEARCH(TEXT(AG$7,"yyyy-mm-dd"),TAREAS!$J$25)),IF(TAREAS!$I$25="Registro Git","R",IF(TAREAS!$I$25="Despliegue documentado","D","L")),"")) | AH26: =IF(TAREAS!$I$25="Propuesta",IF(AND(AH$7>=TAREAS!$G$25,AH$7<=TAREAS!$H$25,CALENDARIO!$C$38=1),"P",""),IF(ISNUMBER(SEARCH(TEXT(AH$7,"yyyy-mm-dd"),TAREAS!$J$25)),IF(TAREAS!$I$25="Registro Git","R",IF(TAREAS!$I$25="Despliegue documentado","D","L")),""))
A27: =TAREAS!C26 -> HU-G08 · Como Dirección, quiero consultar reportes y métricas explicables. | B27: =TAREAS!A26&" · "&TAREAS!D26 -> T-022 · Reportes Facebook por áreas con Excel y PDF | C27: =TAREAS!F26 -> yeiserDev | D27: =COUNTIF(E27:AH27,"R")+COUNTIF(E27:AH27,"D")+COUNTIF(E27:AH27,"L")+COUNTIF(E27:AH27,"P") -> 1 | E27: =IF(TAREAS!$I$26="Propuesta",IF(AND(E$7>=TAREAS!$G$26,E$7<=TAREAS!$H$26,CALENDARIO!$C$9=1),"P",""),IF(ISNUMBER(SEARCH(TEXT(E$7,"yyyy-mm-dd"),TAREAS!$J$26)),IF(TAREAS!$I$26="Registro Git","R",IF(TAREAS!$I$26="Despliegue documentado","D","L")),"")) | F27: =IF(TAREAS!$I$26="Propuesta",IF(AND(F$7>=TAREAS!$G$26,F$7<=TAREAS!$H$26,CALENDARIO!$C$10=1),"P",""),IF(ISNUMBER(SEARCH(TEXT(F$7,"yyyy-mm-dd"),TAREAS!$J$26)),IF(TAREAS!$I$26="Registro Git","R",IF(TAREAS!$I$26="Despliegue documentado","D","L")),"")) | G27: =IF(TAREAS!$I$26="Propuesta",IF(AND(G$7>=TAREAS!$G$26,G$7<=TAREAS!$H$26,CALENDARIO!$C$11=1),"P",""),IF(ISNUMBER(SEARCH(TEXT(G$7,"yyyy-mm-dd"),TAREAS!$J$26)),IF(TAREAS!$I$26="Registro Git","R",IF(TAREAS!$I$26="Despliegue documentado","D","L")),"")) | H27: =IF(TAREAS!$I$26="Propuesta",IF(AND(H$7>=TAREAS!$G$26,H$7<=TAREAS!$H$26,CALENDARIO!$C$12=1),"P",""),IF(ISNUMBER(SEARCH(TEXT(H$7,"yyyy-mm-dd"),TAREAS!$J$26)),IF(TAREAS!$I$26="Registro Git","R",IF(TAREAS!$I$26="Despliegue documentado","D","L")),"")) | I27: =IF(TAREAS!$I$26="Propuesta",IF(AND(I$7>=TAREAS!$G$26,I$7<=TAREAS!$H$26,CALENDARIO!$C$13=1),"P",""),IF(ISNUMBER(SEARCH(TEXT(I$7,"yyyy-mm-dd"),TAREAS!$J$26)),IF(TAREAS!$I$26="Registro Git","R",IF(TAREAS!$I$26="Despliegue documentado","D","L")),"")) | J27: =IF(TAREAS!$I$26="Propuesta",IF(AND(J$7>=TAREAS!$G$26,J$7<=TAREAS!$H$26,CALENDARIO!$C$14=1),"P",""),IF(ISNUMBER(SEARCH(TEXT(J$7,"yyyy-mm-dd"),TAREAS!$J$26)),IF(TAREAS!$I$26="Registro Git","R",IF(TAREAS!$I$26="Despliegue documentado","D","L")),"")) | K27: =IF(TAREAS!$I$26="Propuesta",IF(AND(K$7>=TAREAS!$G$26,K$7<=TAREAS!$H$26,CALENDARIO!$C$15=1),"P",""),IF(ISNUMBER(SEARCH(TEXT(K$7,"yyyy-mm-dd"),TAREAS!$J$26)),IF(TAREAS!$I$26="Registro Git","R",IF(TAREAS!$I$26="Despliegue documentado","D","L")),"")) | L27: =IF(TAREAS!$I$26="Propuesta",IF(AND(L$7>=TAREAS!$G$26,L$7<=TAREAS!$H$26,CALENDARIO!$C$16=1),"P",""),IF(ISNUMBER(SEARCH(TEXT(L$7,"yyyy-mm-dd"),TAREAS!$J$26)),IF(TAREAS!$I$26="Registro Git","R",IF(TAREAS!$I$26="Despliegue documentado","D","L")),"")) | M27: =IF(TAREAS!$I$26="Propuesta",IF(AND(M$7>=TAREAS!$G$26,M$7<=TAREAS!$H$26,CALENDARIO!$C$17=1),"P",""),IF(ISNUMBER(SEARCH(TEXT(M$7,"yyyy-mm-dd"),TAREAS!$J$26)),IF(TAREAS!$I$26="Registro Git","R",IF(TAREAS!$I$26="Despliegue documentado","D","L")),"")) | N27: =IF(TAREAS!$I$26="Propuesta",IF(AND(N$7>=TAREAS!$G$26,N$7<=TAREAS!$H$26,CALENDARIO!$C$18=1),"P",""),IF(ISNUMBER(SEARCH(TEXT(N$7,"yyyy-mm-dd"),TAREAS!$J$26)),IF(TAREAS!$I$26="Registro Git","R",IF(TAREAS!$I$26="Despliegue documentado","D","L")),"")) | O27: =IF(TAREAS!$I$26="Propuesta",IF(AND(O$7>=TAREAS!$G$26,O$7<=TAREAS!$H$26,CALENDARIO!$C$19=1),"P",""),IF(ISNUMBER(SEARCH(TEXT(O$7,"yyyy-mm-dd"),TAREAS!$J$26)),IF(TAREAS!$I$26="Registro Git","R",IF(TAREAS!$I$26="Despliegue documentado","D","L")),"")) | P27: =IF(TAREAS!$I$26="Propuesta",IF(AND(P$7>=TAREAS!$G$26,P$7<=TAREAS!$H$26,CALENDARIO!$C$20=1),"P",""),IF(ISNUMBER(SEARCH(TEXT(P$7,"yyyy-mm-dd"),TAREAS!$J$26)),IF(TAREAS!$I$26="Registro Git","R",IF(TAREAS!$I$26="Despliegue documentado","D","L")),"")) | Q27: =IF(TAREAS!$I$26="Propuesta",IF(AND(Q$7>=TAREAS!$G$26,Q$7<=TAREAS!$H$26,CALENDARIO!$C$21=1),"P",""),IF(ISNUMBER(SEARCH(TEXT(Q$7,"yyyy-mm-dd"),TAREAS!$J$26)),IF(TAREAS!$I$26="Registro Git","R",IF(TAREAS!$I$26="Despliegue documentado","D","L")),"")) | R27: =IF(TAREAS!$I$26="Propuesta",IF(AND(R$7>=TAREAS!$G$26,R$7<=TAREAS!$H$26,CALENDARIO!$C$22=1),"P",""),IF(ISNUMBER(SEARCH(TEXT(R$7,"yyyy-mm-dd"),TAREAS!$J$26)),IF(TAREAS!$I$26="Registro Git","R",IF(TAREAS!$I$26="Despliegue documentado","D","L")),"")) | S27: =IF(TAREAS!$I$26="Propuesta",IF(AND(S$7>=TAREAS!$G$26,S$7<=TAREAS!$H$26,CALENDARIO!$C$23=1),"P",""),IF(ISNUMBER(SEARCH(TEXT(S$7,"yyyy-mm-dd"),TAREAS!$J$26)),IF(TAREAS!$I$26="Registro Git","R",IF(TAREAS!$I$26="Despliegue documentado","D","L")),"")) | T27: =IF(TAREAS!$I$26="Propuesta",IF(AND(T$7>=TAREAS!$G$26,T$7<=TAREAS!$H$26,CALENDARIO!$C$24=1),"P",""),IF(ISNUMBER(SEARCH(TEXT(T$7,"yyyy-mm-dd"),TAREAS!$J$26)),IF(TAREAS!$I$26="Registro Git","R",IF(TAREAS!$I$26="Despliegue documentado","D","L")),"")) | U27: =IF(TAREAS!$I$26="Propuesta",IF(AND(U$7>=TAREAS!$G$26,U$7<=TAREAS!$H$26,CALENDARIO!$C$25=1),"P",""),IF(ISNUMBER(SEARCH(TEXT(U$7,"yyyy-mm-dd"),TAREAS!$J$26)),IF(TAREAS!$I$26="Registro Git","R",IF(TAREAS!$I$26="Despliegue documentado","D","L")),"")) -> R | V27: =IF(TAREAS!$I$26="Propuesta",IF(AND(V$7>=TAREAS!$G$26,V$7<=TAREAS!$H$26,CALENDARIO!$C$26=1),"P",""),IF(ISNUMBER(SEARCH(TEXT(V$7,"yyyy-mm-dd"),TAREAS!$J$26)),IF(TAREAS!$I$26="Registro Git","R",IF(TAREAS!$I$26="Despliegue documentado","D","L")),"")) | W27: =IF(TAREAS!$I$26="Propuesta",IF(AND(W$7>=TAREAS!$G$26,W$7<=TAREAS!$H$26,CALENDARIO!$C$27=1),"P",""),IF(ISNUMBER(SEARCH(TEXT(W$7,"yyyy-mm-dd"),TAREAS!$J$26)),IF(TAREAS!$I$26="Registro Git","R",IF(TAREAS!$I$26="Despliegue documentado","D","L")),"")) | X27: =IF(TAREAS!$I$26="Propuesta",IF(AND(X$7>=TAREAS!$G$26,X$7<=TAREAS!$H$26,CALENDARIO!$C$28=1),"P",""),IF(ISNUMBER(SEARCH(TEXT(X$7,"yyyy-mm-dd"),TAREAS!$J$26)),IF(TAREAS!$I$26="Registro Git","R",IF(TAREAS!$I$26="Despliegue documentado","D","L")),"")) | Y27: =IF(TAREAS!$I$26="Propuesta",IF(AND(Y$7>=TAREAS!$G$26,Y$7<=TAREAS!$H$26,CALENDARIO!$C$29=1),"P",""),IF(ISNUMBER(SEARCH(TEXT(Y$7,"yyyy-mm-dd"),TAREAS!$J$26)),IF(TAREAS!$I$26="Registro Git","R",IF(TAREAS!$I$26="Despliegue documentado","D","L")),"")) | Z27: =IF(TAREAS!$I$26="Propuesta",IF(AND(Z$7>=TAREAS!$G$26,Z$7<=TAREAS!$H$26,CALENDARIO!$C$30=1),"P",""),IF(ISNUMBER(SEARCH(TEXT(Z$7,"yyyy-mm-dd"),TAREAS!$J$26)),IF(TAREAS!$I$26="Registro Git","R",IF(TAREAS!$I$26="Despliegue documentado","D","L")),"")) | AA27: =IF(TAREAS!$I$26="Propuesta",IF(AND(AA$7>=TAREAS!$G$26,AA$7<=TAREAS!$H$26,CALENDARIO!$C$31=1),"P",""),IF(ISNUMBER(SEARCH(TEXT(AA$7,"yyyy-mm-dd"),TAREAS!$J$26)),IF(TAREAS!$I$26="Registro Git","R",IF(TAREAS!$I$26="Despliegue documentado","D","L")),"")) | AB27: =IF(TAREAS!$I$26="Propuesta",IF(AND(AB$7>=TAREAS!$G$26,AB$7<=TAREAS!$H$26,CALENDARIO!$C$32=1),"P",""),IF(ISNUMBER(SEARCH(TEXT(AB$7,"yyyy-mm-dd"),TAREAS!$J$26)),IF(TAREAS!$I$26="Registro Git","R",IF(TAREAS!$I$26="Despliegue documentado","D","L")),"")) | AC27: =IF(TAREAS!$I$26="Propuesta",IF(AND(AC$7>=TAREAS!$G$26,AC$7<=TAREAS!$H$26,CALENDARIO!$C$33=1),"P",""),IF(ISNUMBER(SEARCH(TEXT(AC$7,"yyyy-mm-dd"),TAREAS!$J$26)),IF(TAREAS!$I$26="Registro Git","R",IF(TAREAS!$I$26="Despliegue documentado","D","L")),"")) | AD27: =IF(TAREAS!$I$26="Propuesta",IF(AND(AD$7>=TAREAS!$G$26,AD$7<=TAREAS!$H$26,CALENDARIO!$C$34=1),"P",""),IF(ISNUMBER(SEARCH(TEXT(AD$7,"yyyy-mm-dd"),TAREAS!$J$26)),IF(TAREAS!$I$26="Registro Git","R",IF(TAREAS!$I$26="Despliegue documentado","D","L")),"")) | AE27: =IF(TAREAS!$I$26="Propuesta",IF(AND(AE$7>=TAREAS!$G$26,AE$7<=TAREAS!$H$26,CALENDARIO!$C$35=1),"P",""),IF(ISNUMBER(SEARCH(TEXT(AE$7,"yyyy-mm-dd"),TAREAS!$J$26)),IF(TAREAS!$I$26="Registro Git","R",IF(TAREAS!$I$26="Despliegue documentado","D","L")),"")) | AF27: =IF(TAREAS!$I$26="Propuesta",IF(AND(AF$7>=TAREAS!$G$26,AF$7<=TAREAS!$H$26,CALENDARIO!$C$36=1),"P",""),IF(ISNUMBER(SEARCH(TEXT(AF$7,"yyyy-mm-dd"),TAREAS!$J$26)),IF(TAREAS!$I$26="Registro Git","R",IF(TAREAS!$I$26="Despliegue documentado","D","L")),"")) | AG27: =IF(TAREAS!$I$26="Propuesta",IF(AND(AG$7>=TAREAS!$G$26,AG$7<=TAREAS!$H$26,CALENDARIO!$C$37=1),"P",""),IF(ISNUMBER(SEARCH(TEXT(AG$7,"yyyy-mm-dd"),TAREAS!$J$26)),IF(TAREAS!$I$26="Registro Git","R",IF(TAREAS!$I$26="Despliegue documentado","D","L")),"")) | AH27: =IF(TAREAS!$I$26="Propuesta",IF(AND(AH$7>=TAREAS!$G$26,AH$7<=TAREAS!$H$26,CALENDARIO!$C$38=1),"P",""),IF(ISNUMBER(SEARCH(TEXT(AH$7,"yyyy-mm-dd"),TAREAS!$J$26)),IF(TAREAS!$I$26="Registro Git","R",IF(TAREAS!$I$26="Despliegue documentado","D","L")),""))
A28: =TAREAS!C27 -> HU-G08 · Como Dirección, quiero consultar reportes y métricas explicables. | B28: =TAREAS!A27&" · "&TAREAS!D27 -> T-023 · Estadísticas del panel y ajuste del periodo de salidas | C28: =TAREAS!F27 -> yeiserDev | D28: =COUNTIF(E28:AH28,"R")+COUNTIF(E28:AH28,"D")+COUNTIF(E28:AH28,"L")+COUNTIF(E28:AH28,"P") -> 1 | E28: =IF(TAREAS!$I$27="Propuesta",IF(AND(E$7>=TAREAS!$G$27,E$7<=TAREAS!$H$27,CALENDARIO!$C$9=1),"P",""),IF(ISNUMBER(SEARCH(TEXT(E$7,"yyyy-mm-dd"),TAREAS!$J$27)),IF(TAREAS!$I$27="Registro Git","R",IF(TAREAS!$I$27="Despliegue documentado","D","L")),"")) | F28: =IF(TAREAS!$I$27="Propuesta",IF(AND(F$7>=TAREAS!$G$27,F$7<=TAREAS!$H$27,CALENDARIO!$C$10=1),"P",""),IF(ISNUMBER(SEARCH(TEXT(F$7,"yyyy-mm-dd"),TAREAS!$J$27)),IF(TAREAS!$I$27="Registro Git","R",IF(TAREAS!$I$27="Despliegue documentado","D","L")),"")) | G28: =IF(TAREAS!$I$27="Propuesta",IF(AND(G$7>=TAREAS!$G$27,G$7<=TAREAS!$H$27,CALENDARIO!$C$11=1),"P",""),IF(ISNUMBER(SEARCH(TEXT(G$7,"yyyy-mm-dd"),TAREAS!$J$27)),IF(TAREAS!$I$27="Registro Git","R",IF(TAREAS!$I$27="Despliegue documentado","D","L")),"")) | H28: =IF(TAREAS!$I$27="Propuesta",IF(AND(H$7>=TAREAS!$G$27,H$7<=TAREAS!$H$27,CALENDARIO!$C$12=1),"P",""),IF(ISNUMBER(SEARCH(TEXT(H$7,"yyyy-mm-dd"),TAREAS!$J$27)),IF(TAREAS!$I$27="Registro Git","R",IF(TAREAS!$I$27="Despliegue documentado","D","L")),"")) | I28: =IF(TAREAS!$I$27="Propuesta",IF(AND(I$7>=TAREAS!$G$27,I$7<=TAREAS!$H$27,CALENDARIO!$C$13=1),"P",""),IF(ISNUMBER(SEARCH(TEXT(I$7,"yyyy-mm-dd"),TAREAS!$J$27)),IF(TAREAS!$I$27="Registro Git","R",IF(TAREAS!$I$27="Despliegue documentado","D","L")),"")) | J28: =IF(TAREAS!$I$27="Propuesta",IF(AND(J$7>=TAREAS!$G$27,J$7<=TAREAS!$H$27,CALENDARIO!$C$14=1),"P",""),IF(ISNUMBER(SEARCH(TEXT(J$7,"yyyy-mm-dd"),TAREAS!$J$27)),IF(TAREAS!$I$27="Registro Git","R",IF(TAREAS!$I$27="Despliegue documentado","D","L")),"")) | K28: =IF(TAREAS!$I$27="Propuesta",IF(AND(K$7>=TAREAS!$G$27,K$7<=TAREAS!$H$27,CALENDARIO!$C$15=1),"P",""),IF(ISNUMBER(SEARCH(TEXT(K$7,"yyyy-mm-dd"),TAREAS!$J$27)),IF(TAREAS!$I$27="Registro Git","R",IF(TAREAS!$I$27="Despliegue documentado","D","L")),"")) | L28: =IF(TAREAS!$I$27="Propuesta",IF(AND(L$7>=TAREAS!$G$27,L$7<=TAREAS!$H$27,CALENDARIO!$C$16=1),"P",""),IF(ISNUMBER(SEARCH(TEXT(L$7,"yyyy-mm-dd"),TAREAS!$J$27)),IF(TAREAS!$I$27="Registro Git","R",IF(TAREAS!$I$27="Despliegue documentado","D","L")),"")) | M28: =IF(TAREAS!$I$27="Propuesta",IF(AND(M$7>=TAREAS!$G$27,M$7<=TAREAS!$H$27,CALENDARIO!$C$17=1),"P",""),IF(ISNUMBER(SEARCH(TEXT(M$7,"yyyy-mm-dd"),TAREAS!$J$27)),IF(TAREAS!$I$27="Registro Git","R",IF(TAREAS!$I$27="Despliegue documentado","D","L")),"")) | N28: =IF(TAREAS!$I$27="Propuesta",IF(AND(N$7>=TAREAS!$G$27,N$7<=TAREAS!$H$27,CALENDARIO!$C$18=1),"P",""),IF(ISNUMBER(SEARCH(TEXT(N$7,"yyyy-mm-dd"),TAREAS!$J$27)),IF(TAREAS!$I$27="Registro Git","R",IF(TAREAS!$I$27="Despliegue documentado","D","L")),"")) | O28: =IF(TAREAS!$I$27="Propuesta",IF(AND(O$7>=TAREAS!$G$27,O$7<=TAREAS!$H$27,CALENDARIO!$C$19=1),"P",""),IF(ISNUMBER(SEARCH(TEXT(O$7,"yyyy-mm-dd"),TAREAS!$J$27)),IF(TAREAS!$I$27="Registro Git","R",IF(TAREAS!$I$27="Despliegue documentado","D","L")),"")) | P28: =IF(TAREAS!$I$27="Propuesta",IF(AND(P$7>=TAREAS!$G$27,P$7<=TAREAS!$H$27,CALENDARIO!$C$20=1),"P",""),IF(ISNUMBER(SEARCH(TEXT(P$7,"yyyy-mm-dd"),TAREAS!$J$27)),IF(TAREAS!$I$27="Registro Git","R",IF(TAREAS!$I$27="Despliegue documentado","D","L")),"")) | Q28: =IF(TAREAS!$I$27="Propuesta",IF(AND(Q$7>=TAREAS!$G$27,Q$7<=TAREAS!$H$27,CALENDARIO!$C$21=1),"P",""),IF(ISNUMBER(SEARCH(TEXT(Q$7,"yyyy-mm-dd"),TAREAS!$J$27)),IF(TAREAS!$I$27="Registro Git","R",IF(TAREAS!$I$27="Despliegue documentado","D","L")),"")) | R28: =IF(TAREAS!$I$27="Propuesta",IF(AND(R$7>=TAREAS!$G$27,R$7<=TAREAS!$H$27,CALENDARIO!$C$22=1),"P",""),IF(ISNUMBER(SEARCH(TEXT(R$7,"yyyy-mm-dd"),TAREAS!$J$27)),IF(TAREAS!$I$27="Registro Git","R",IF(TAREAS!$I$27="Despliegue documentado","D","L")),"")) | S28: =IF(TAREAS!$I$27="Propuesta",IF(AND(S$7>=TAREAS!$G$27,S$7<=TAREAS!$H$27,CALENDARIO!$C$23=1),"P",""),IF(ISNUMBER(SEARCH(TEXT(S$7,"yyyy-mm-dd"),TAREAS!$J$27)),IF(TAREAS!$I$27="Registro Git","R",IF(TAREAS!$I$27="Despliegue documentado","D","L")),"")) | T28: =IF(TAREAS!$I$27="Propuesta",IF(AND(T$7>=TAREAS!$G$27,T$7<=TAREAS!$H$27,CALENDARIO!$C$24=1),"P",""),IF(ISNUMBER(SEARCH(TEXT(T$7,"yyyy-mm-dd"),TAREAS!$J$27)),IF(TAREAS!$I$27="Registro Git","R",IF(TAREAS!$I$27="Despliegue documentado","D","L")),"")) | U28: =IF(TAREAS!$I$27="Propuesta",IF(AND(U$7>=TAREAS!$G$27,U$7<=TAREAS!$H$27,CALENDARIO!$C$25=1),"P",""),IF(ISNUMBER(SEARCH(TEXT(U$7,"yyyy-mm-dd"),TAREAS!$J$27)),IF(TAREAS!$I$27="Registro Git","R",IF(TAREAS!$I$27="Despliegue documentado","D","L")),"")) | V28: =IF(TAREAS!$I$27="Propuesta",IF(AND(V$7>=TAREAS!$G$27,V$7<=TAREAS!$H$27,CALENDARIO!$C$26=1),"P",""),IF(ISNUMBER(SEARCH(TEXT(V$7,"yyyy-mm-dd"),TAREAS!$J$27)),IF(TAREAS!$I$27="Registro Git","R",IF(TAREAS!$I$27="Despliegue documentado","D","L")),"")) -> R | W28: =IF(TAREAS!$I$27="Propuesta",IF(AND(W$7>=TAREAS!$G$27,W$7<=TAREAS!$H$27,CALENDARIO!$C$27=1),"P",""),IF(ISNUMBER(SEARCH(TEXT(W$7,"yyyy-mm-dd"),TAREAS!$J$27)),IF(TAREAS!$I$27="Registro Git","R",IF(TAREAS!$I$27="Despliegue documentado","D","L")),"")) | X28: =IF(TAREAS!$I$27="Propuesta",IF(AND(X$7>=TAREAS!$G$27,X$7<=TAREAS!$H$27,CALENDARIO!$C$28=1),"P",""),IF(ISNUMBER(SEARCH(TEXT(X$7,"yyyy-mm-dd"),TAREAS!$J$27)),IF(TAREAS!$I$27="Registro Git","R",IF(TAREAS!$I$27="Despliegue documentado","D","L")),"")) | Y28: =IF(TAREAS!$I$27="Propuesta",IF(AND(Y$7>=TAREAS!$G$27,Y$7<=TAREAS!$H$27,CALENDARIO!$C$29=1),"P",""),IF(ISNUMBER(SEARCH(TEXT(Y$7,"yyyy-mm-dd"),TAREAS!$J$27)),IF(TAREAS!$I$27="Registro Git","R",IF(TAREAS!$I$27="Despliegue documentado","D","L")),"")) | Z28: =IF(TAREAS!$I$27="Propuesta",IF(AND(Z$7>=TAREAS!$G$27,Z$7<=TAREAS!$H$27,CALENDARIO!$C$30=1),"P",""),IF(ISNUMBER(SEARCH(TEXT(Z$7,"yyyy-mm-dd"),TAREAS!$J$27)),IF(TAREAS!$I$27="Registro Git","R",IF(TAREAS!$I$27="Despliegue documentado","D","L")),"")) | AA28: =IF(TAREAS!$I$27="Propuesta",IF(AND(AA$7>=TAREAS!$G$27,AA$7<=TAREAS!$H$27,CALENDARIO!$C$31=1),"P",""),IF(ISNUMBER(SEARCH(TEXT(AA$7,"yyyy-mm-dd"),TAREAS!$J$27)),IF(TAREAS!$I$27="Registro Git","R",IF(TAREAS!$I$27="Despliegue documentado","D","L")),"")) | AB28: =IF(TAREAS!$I$27="Propuesta",IF(AND(AB$7>=TAREAS!$G$27,AB$7<=TAREAS!$H$27,CALENDARIO!$C$32=1),"P",""),IF(ISNUMBER(SEARCH(TEXT(AB$7,"yyyy-mm-dd"),TAREAS!$J$27)),IF(TAREAS!$I$27="Registro Git","R",IF(TAREAS!$I$27="Despliegue documentado","D","L")),"")) | AC28: =IF(TAREAS!$I$27="Propuesta",IF(AND(AC$7>=TAREAS!$G$27,AC$7<=TAREAS!$H$27,CALENDARIO!$C$33=1),"P",""),IF(ISNUMBER(SEARCH(TEXT(AC$7,"yyyy-mm-dd"),TAREAS!$J$27)),IF(TAREAS!$I$27="Registro Git","R",IF(TAREAS!$I$27="Despliegue documentado","D","L")),"")) | AD28: =IF(TAREAS!$I$27="Propuesta",IF(AND(AD$7>=TAREAS!$G$27,AD$7<=TAREAS!$H$27,CALENDARIO!$C$34=1),"P",""),IF(ISNUMBER(SEARCH(TEXT(AD$7,"yyyy-mm-dd"),TAREAS!$J$27)),IF(TAREAS!$I$27="Registro Git","R",IF(TAREAS!$I$27="Despliegue documentado","D","L")),"")) | AE28: =IF(TAREAS!$I$27="Propuesta",IF(AND(AE$7>=TAREAS!$G$27,AE$7<=TAREAS!$H$27,CALENDARIO!$C$35=1),"P",""),IF(ISNUMBER(SEARCH(TEXT(AE$7,"yyyy-mm-dd"),TAREAS!$J$27)),IF(TAREAS!$I$27="Registro Git","R",IF(TAREAS!$I$27="Despliegue documentado","D","L")),"")) | AF28: =IF(TAREAS!$I$27="Propuesta",IF(AND(AF$7>=TAREAS!$G$27,AF$7<=TAREAS!$H$27,CALENDARIO!$C$36=1),"P",""),IF(ISNUMBER(SEARCH(TEXT(AF$7,"yyyy-mm-dd"),TAREAS!$J$27)),IF(TAREAS!$I$27="Registro Git","R",IF(TAREAS!$I$27="Despliegue documentado","D","L")),"")) | AG28: =IF(TAREAS!$I$27="Propuesta",IF(AND(AG$7>=TAREAS!$G$27,AG$7<=TAREAS!$H$27,CALENDARIO!$C$37=1),"P",""),IF(ISNUMBER(SEARCH(TEXT(AG$7,"yyyy-mm-dd"),TAREAS!$J$27)),IF(TAREAS!$I$27="Registro Git","R",IF(TAREAS!$I$27="Despliegue documentado","D","L")),"")) | AH28: =IF(TAREAS!$I$27="Propuesta",IF(AND(AH$7>=TAREAS!$G$27,AH$7<=TAREAS!$H$27,CALENDARIO!$C$38=1),"P",""),IF(ISNUMBER(SEARCH(TEXT(AH$7,"yyyy-mm-dd"),TAREAS!$J$27)),IF(TAREAS!$I$27="Registro Git","R",IF(TAREAS!$I$27="Despliegue documentado","D","L")),""))
A29: =TAREAS!C28 -> HU-G04 · Como colaborador, quiero entregar evidencias y conocer el cierre de mi jornada. | B29: =TAREAS!A28&" · "&TAREAS!D28 -> T-024 · Exigir evidencia laboral antes de registrar salida | C29: =TAREAS!F28 -> yeiserDev | D29: =COUNTIF(E29:AH29,"R")+COUNTIF(E29:AH29,"D")+COUNTIF(E29:AH29,"L")+COUNTIF(E29:AH29,"P") -> 1 | E29: =IF(TAREAS!$I$28="Propuesta",IF(AND(E$7>=TAREAS!$G$28,E$7<=TAREAS!$H$28,CALENDARIO!$C$9=1),"P",""),IF(ISNUMBER(SEARCH(TEXT(E$7,"yyyy-mm-dd"),TAREAS!$J$28)),IF(TAREAS!$I$28="Registro Git","R",IF(TAREAS!$I$28="Despliegue documentado","D","L")),"")) | F29: =IF(TAREAS!$I$28="Propuesta",IF(AND(F$7>=TAREAS!$G$28,F$7<=TAREAS!$H$28,CALENDARIO!$C$10=1),"P",""),IF(ISNUMBER(SEARCH(TEXT(F$7,"yyyy-mm-dd"),TAREAS!$J$28)),IF(TAREAS!$I$28="Registro Git","R",IF(TAREAS!$I$28="Despliegue documentado","D","L")),"")) | G29: =IF(TAREAS!$I$28="Propuesta",IF(AND(G$7>=TAREAS!$G$28,G$7<=TAREAS!$H$28,CALENDARIO!$C$11=1),"P",""),IF(ISNUMBER(SEARCH(TEXT(G$7,"yyyy-mm-dd"),TAREAS!$J$28)),IF(TAREAS!$I$28="Registro Git","R",IF(TAREAS!$I$28="Despliegue documentado","D","L")),"")) | H29: =IF(TAREAS!$I$28="Propuesta",IF(AND(H$7>=TAREAS!$G$28,H$7<=TAREAS!$H$28,CALENDARIO!$C$12=1),"P",""),IF(ISNUMBER(SEARCH(TEXT(H$7,"yyyy-mm-dd"),TAREAS!$J$28)),IF(TAREAS!$I$28="Registro Git","R",IF(TAREAS!$I$28="Despliegue documentado","D","L")),"")) | I29: =IF(TAREAS!$I$28="Propuesta",IF(AND(I$7>=TAREAS!$G$28,I$7<=TAREAS!$H$28,CALENDARIO!$C$13=1),"P",""),IF(ISNUMBER(SEARCH(TEXT(I$7,"yyyy-mm-dd"),TAREAS!$J$28)),IF(TAREAS!$I$28="Registro Git","R",IF(TAREAS!$I$28="Despliegue documentado","D","L")),"")) | J29: =IF(TAREAS!$I$28="Propuesta",IF(AND(J$7>=TAREAS!$G$28,J$7<=TAREAS!$H$28,CALENDARIO!$C$14=1),"P",""),IF(ISNUMBER(SEARCH(TEXT(J$7,"yyyy-mm-dd"),TAREAS!$J$28)),IF(TAREAS!$I$28="Registro Git","R",IF(TAREAS!$I$28="Despliegue documentado","D","L")),"")) | K29: =IF(TAREAS!$I$28="Propuesta",IF(AND(K$7>=TAREAS!$G$28,K$7<=TAREAS!$H$28,CALENDARIO!$C$15=1),"P",""),IF(ISNUMBER(SEARCH(TEXT(K$7,"yyyy-mm-dd"),TAREAS!$J$28)),IF(TAREAS!$I$28="Registro Git","R",IF(TAREAS!$I$28="Despliegue documentado","D","L")),"")) | L29: =IF(TAREAS!$I$28="Propuesta",IF(AND(L$7>=TAREAS!$G$28,L$7<=TAREAS!$H$28,CALENDARIO!$C$16=1),"P",""),IF(ISNUMBER(SEARCH(TEXT(L$7,"yyyy-mm-dd"),TAREAS!$J$28)),IF(TAREAS!$I$28="Registro Git","R",IF(TAREAS!$I$28="Despliegue documentado","D","L")),"")) | M29: =IF(TAREAS!$I$28="Propuesta",IF(AND(M$7>=TAREAS!$G$28,M$7<=TAREAS!$H$28,CALENDARIO!$C$17=1),"P",""),IF(ISNUMBER(SEARCH(TEXT(M$7,"yyyy-mm-dd"),TAREAS!$J$28)),IF(TAREAS!$I$28="Registro Git","R",IF(TAREAS!$I$28="Despliegue documentado","D","L")),"")) | N29: =IF(TAREAS!$I$28="Propuesta",IF(AND(N$7>=TAREAS!$G$28,N$7<=TAREAS!$H$28,CALENDARIO!$C$18=1),"P",""),IF(ISNUMBER(SEARCH(TEXT(N$7,"yyyy-mm-dd"),TAREAS!$J$28)),IF(TAREAS!$I$28="Registro Git","R",IF(TAREAS!$I$28="Despliegue documentado","D","L")),"")) | O29: =IF(TAREAS!$I$28="Propuesta",IF(AND(O$7>=TAREAS!$G$28,O$7<=TAREAS!$H$28,CALENDARIO!$C$19=1),"P",""),IF(ISNUMBER(SEARCH(TEXT(O$7,"yyyy-mm-dd"),TAREAS!$J$28)),IF(TAREAS!$I$28="Registro Git","R",IF(TAREAS!$I$28="Despliegue documentado","D","L")),"")) | P29: =IF(TAREAS!$I$28="Propuesta",IF(AND(P$7>=TAREAS!$G$28,P$7<=TAREAS!$H$28,CALENDARIO!$C$20=1),"P",""),IF(ISNUMBER(SEARCH(TEXT(P$7,"yyyy-mm-dd"),TAREAS!$J$28)),IF(TAREAS!$I$28="Registro Git","R",IF(TAREAS!$I$28="Despliegue documentado","D","L")),"")) | Q29: =IF(TAREAS!$I$28="Propuesta",IF(AND(Q$7>=TAREAS!$G$28,Q$7<=TAREAS!$H$28,CALENDARIO!$C$21=1),"P",""),IF(ISNUMBER(SEARCH(TEXT(Q$7,"yyyy-mm-dd"),TAREAS!$J$28)),IF(TAREAS!$I$28="Registro Git","R",IF(TAREAS!$I$28="Despliegue documentado","D","L")),"")) | R29: =IF(TAREAS!$I$28="Propuesta",IF(AND(R$7>=TAREAS!$G$28,R$7<=TAREAS!$H$28,CALENDARIO!$C$22=1),"P",""),IF(ISNUMBER(SEARCH(TEXT(R$7,"yyyy-mm-dd"),TAREAS!$J$28)),IF(TAREAS!$I$28="Registro Git","R",IF(TAREAS!$I$28="Despliegue documentado","D","L")),"")) | S29: =IF(TAREAS!$I$28="Propuesta",IF(AND(S$7>=TAREAS!$G$28,S$7<=TAREAS!$H$28,CALENDARIO!$C$23=1),"P",""),IF(ISNUMBER(SEARCH(TEXT(S$7,"yyyy-mm-dd"),TAREAS!$J$28)),IF(TAREAS!$I$28="Registro Git","R",IF(TAREAS!$I$28="Despliegue documentado","D","L")),"")) | T29: =IF(TAREAS!$I$28="Propuesta",IF(AND(T$7>=TAREAS!$G$28,T$7<=TAREAS!$H$28,CALENDARIO!$C$24=1),"P",""),IF(ISNUMBER(SEARCH(TEXT(T$7,"yyyy-mm-dd"),TAREAS!$J$28)),IF(TAREAS!$I$28="Registro Git","R",IF(TAREAS!$I$28="Despliegue documentado","D","L")),"")) | U29: =IF(TAREAS!$I$28="Propuesta",IF(AND(U$7>=TAREAS!$G$28,U$7<=TAREAS!$H$28,CALENDARIO!$C$25=1),"P",""),IF(ISNUMBER(SEARCH(TEXT(U$7,"yyyy-mm-dd"),TAREAS!$J$28)),IF(TAREAS!$I$28="Registro Git","R",IF(TAREAS!$I$28="Despliegue documentado","D","L")),"")) | V29: =IF(TAREAS!$I$28="Propuesta",IF(AND(V$7>=TAREAS!$G$28,V$7<=TAREAS!$H$28,CALENDARIO!$C$26=1),"P",""),IF(ISNUMBER(SEARCH(TEXT(V$7,"yyyy-mm-dd"),TAREAS!$J$28)),IF(TAREAS!$I$28="Registro Git","R",IF(TAREAS!$I$28="Despliegue documentado","D","L")),"")) | W29: =IF(TAREAS!$I$28="Propuesta",IF(AND(W$7>=TAREAS!$G$28,W$7<=TAREAS!$H$28,CALENDARIO!$C$27=1),"P",""),IF(ISNUMBER(SEARCH(TEXT(W$7,"yyyy-mm-dd"),TAREAS!$J$28)),IF(TAREAS!$I$28="Registro Git","R",IF(TAREAS!$I$28="Despliegue documentado","D","L")),"")) -> R | X29: =IF(TAREAS!$I$28="Propuesta",IF(AND(X$7>=TAREAS!$G$28,X$7<=TAREAS!$H$28,CALENDARIO!$C$28=1),"P",""),IF(ISNUMBER(SEARCH(TEXT(X$7,"yyyy-mm-dd"),TAREAS!$J$28)),IF(TAREAS!$I$28="Registro Git","R",IF(TAREAS!$I$28="Despliegue documentado","D","L")),"")) | Y29: =IF(TAREAS!$I$28="Propuesta",IF(AND(Y$7>=TAREAS!$G$28,Y$7<=TAREAS!$H$28,CALENDARIO!$C$29=1),"P",""),IF(ISNUMBER(SEARCH(TEXT(Y$7,"yyyy-mm-dd"),TAREAS!$J$28)),IF(TAREAS!$I$28="Registro Git","R",IF(TAREAS!$I$28="Despliegue documentado","D","L")),"")) | Z29: =IF(TAREAS!$I$28="Propuesta",IF(AND(Z$7>=TAREAS!$G$28,Z$7<=TAREAS!$H$28,CALENDARIO!$C$30=1),"P",""),IF(ISNUMBER(SEARCH(TEXT(Z$7,"yyyy-mm-dd"),TAREAS!$J$28)),IF(TAREAS!$I$28="Registro Git","R",IF(TAREAS!$I$28="Despliegue documentado","D","L")),"")) | AA29: =IF(TAREAS!$I$28="Propuesta",IF(AND(AA$7>=TAREAS!$G$28,AA$7<=TAREAS!$H$28,CALENDARIO!$C$31=1),"P",""),IF(ISNUMBER(SEARCH(TEXT(AA$7,"yyyy-mm-dd"),TAREAS!$J$28)),IF(TAREAS!$I$28="Registro Git","R",IF(TAREAS!$I$28="Despliegue documentado","D","L")),"")) | AB29: =IF(TAREAS!$I$28="Propuesta",IF(AND(AB$7>=TAREAS!$G$28,AB$7<=TAREAS!$H$28,CALENDARIO!$C$32=1),"P",""),IF(ISNUMBER(SEARCH(TEXT(AB$7,"yyyy-mm-dd"),TAREAS!$J$28)),IF(TAREAS!$I$28="Registro Git","R",IF(TAREAS!$I$28="Despliegue documentado","D","L")),"")) | AC29: =IF(TAREAS!$I$28="Propuesta",IF(AND(AC$7>=TAREAS!$G$28,AC$7<=TAREAS!$H$28,CALENDARIO!$C$33=1),"P",""),IF(ISNUMBER(SEARCH(TEXT(AC$7,"yyyy-mm-dd"),TAREAS!$J$28)),IF(TAREAS!$I$28="Registro Git","R",IF(TAREAS!$I$28="Despliegue documentado","D","L")),"")) | AD29: =IF(TAREAS!$I$28="Propuesta",IF(AND(AD$7>=TAREAS!$G$28,AD$7<=TAREAS!$H$28,CALENDARIO!$C$34=1),"P",""),IF(ISNUMBER(SEARCH(TEXT(AD$7,"yyyy-mm-dd"),TAREAS!$J$28)),IF(TAREAS!$I$28="Registro Git","R",IF(TAREAS!$I$28="Despliegue documentado","D","L")),"")) | AE29: =IF(TAREAS!$I$28="Propuesta",IF(AND(AE$7>=TAREAS!$G$28,AE$7<=TAREAS!$H$28,CALENDARIO!$C$35=1),"P",""),IF(ISNUMBER(SEARCH(TEXT(AE$7,"yyyy-mm-dd"),TAREAS!$J$28)),IF(TAREAS!$I$28="Registro Git","R",IF(TAREAS!$I$28="Despliegue documentado","D","L")),"")) | AF29: =IF(TAREAS!$I$28="Propuesta",IF(AND(AF$7>=TAREAS!$G$28,AF$7<=TAREAS!$H$28,CALENDARIO!$C$36=1),"P",""),IF(ISNUMBER(SEARCH(TEXT(AF$7,"yyyy-mm-dd"),TAREAS!$J$28)),IF(TAREAS!$I$28="Registro Git","R",IF(TAREAS!$I$28="Despliegue documentado","D","L")),"")) | AG29: =IF(TAREAS!$I$28="Propuesta",IF(AND(AG$7>=TAREAS!$G$28,AG$7<=TAREAS!$H$28,CALENDARIO!$C$37=1),"P",""),IF(ISNUMBER(SEARCH(TEXT(AG$7,"yyyy-mm-dd"),TAREAS!$J$28)),IF(TAREAS!$I$28="Registro Git","R",IF(TAREAS!$I$28="Despliegue documentado","D","L")),"")) | AH29: =IF(TAREAS!$I$28="Propuesta",IF(AND(AH$7>=TAREAS!$G$28,AH$7<=TAREAS!$H$28,CALENDARIO!$C$38=1),"P",""),IF(ISNUMBER(SEARCH(TEXT(AH$7,"yyyy-mm-dd"),TAREAS!$J$28)),IF(TAREAS!$I$28="Registro Git","R",IF(TAREAS!$I$28="Despliegue documentado","D","L")),""))
A30: =TAREAS!C29 -> HU-G01 · Como colaborador, quiero acceder al portal y consultar mi asistencia. | B30: =TAREAS!A29&" · "&TAREAS!D29 -> T-025 · Ajustes de tema, tarjetas y experiencia de equipo | C30: =TAREAS!F29 -> yeiserDev | D30: =COUNTIF(E30:AH30,"R")+COUNTIF(E30:AH30,"D")+COUNTIF(E30:AH30,"L")+COUNTIF(E30:AH30,"P") -> 2 | E30: =IF(TAREAS!$I$29="Propuesta",IF(AND(E$7>=TAREAS!$G$29,E$7<=TAREAS!$H$29,CALENDARIO!$C$9=1),"P",""),IF(ISNUMBER(SEARCH(TEXT(E$7,"yyyy-mm-dd"),TAREAS!$J$29)),IF(TAREAS!$I$29="Registro Git","R",IF(TAREAS!$I$29="Despliegue documentado","D","L")),"")) | F30: =IF(TAREAS!$I$29="Propuesta",IF(AND(F$7>=TAREAS!$G$29,F$7<=TAREAS!$H$29,CALENDARIO!$C$10=1),"P",""),IF(ISNUMBER(SEARCH(TEXT(F$7,"yyyy-mm-dd"),TAREAS!$J$29)),IF(TAREAS!$I$29="Registro Git","R",IF(TAREAS!$I$29="Despliegue documentado","D","L")),"")) | G30: =IF(TAREAS!$I$29="Propuesta",IF(AND(G$7>=TAREAS!$G$29,G$7<=TAREAS!$H$29,CALENDARIO!$C$11=1),"P",""),IF(ISNUMBER(SEARCH(TEXT(G$7,"yyyy-mm-dd"),TAREAS!$J$29)),IF(TAREAS!$I$29="Registro Git","R",IF(TAREAS!$I$29="Despliegue documentado","D","L")),"")) | H30: =IF(TAREAS!$I$29="Propuesta",IF(AND(H$7>=TAREAS!$G$29,H$7<=TAREAS!$H$29,CALENDARIO!$C$12=1),"P",""),IF(ISNUMBER(SEARCH(TEXT(H$7,"yyyy-mm-dd"),TAREAS!$J$29)),IF(TAREAS!$I$29="Registro Git","R",IF(TAREAS!$I$29="Despliegue documentado","D","L")),"")) | I30: =IF(TAREAS!$I$29="Propuesta",IF(AND(I$7>=TAREAS!$G$29,I$7<=TAREAS!$H$29,CALENDARIO!$C$13=1),"P",""),IF(ISNUMBER(SEARCH(TEXT(I$7,"yyyy-mm-dd"),TAREAS!$J$29)),IF(TAREAS!$I$29="Registro Git","R",IF(TAREAS!$I$29="Despliegue documentado","D","L")),"")) | J30: =IF(TAREAS!$I$29="Propuesta",IF(AND(J$7>=TAREAS!$G$29,J$7<=TAREAS!$H$29,CALENDARIO!$C$14=1),"P",""),IF(ISNUMBER(SEARCH(TEXT(J$7,"yyyy-mm-dd"),TAREAS!$J$29)),IF(TAREAS!$I$29="Registro Git","R",IF(TAREAS!$I$29="Despliegue documentado","D","L")),"")) | K30: =IF(TAREAS!$I$29="Propuesta",IF(AND(K$7>=TAREAS!$G$29,K$7<=TAREAS!$H$29,CALENDARIO!$C$15=1),"P",""),IF(ISNUMBER(SEARCH(TEXT(K$7,"yyyy-mm-dd"),TAREAS!$J$29)),IF(TAREAS!$I$29="Registro Git","R",IF(TAREAS!$I$29="Despliegue documentado","D","L")),"")) | L30: =IF(TAREAS!$I$29="Propuesta",IF(AND(L$7>=TAREAS!$G$29,L$7<=TAREAS!$H$29,CALENDARIO!$C$16=1),"P",""),IF(ISNUMBER(SEARCH(TEXT(L$7,"yyyy-mm-dd"),TAREAS!$J$29)),IF(TAREAS!$I$29="Registro Git","R",IF(TAREAS!$I$29="Despliegue documentado","D","L")),"")) | M30: =IF(TAREAS!$I$29="Propuesta",IF(AND(M$7>=TAREAS!$G$29,M$7<=TAREAS!$H$29,CALENDARIO!$C$17=1),"P",""),IF(ISNUMBER(SEARCH(TEXT(M$7,"yyyy-mm-dd"),TAREAS!$J$29)),IF(TAREAS!$I$29="Registro Git","R",IF(TAREAS!$I$29="Despliegue documentado","D","L")),"")) | N30: =IF(TAREAS!$I$29="Propuesta",IF(AND(N$7>=TAREAS!$G$29,N$7<=TAREAS!$H$29,CALENDARIO!$C$18=1),"P",""),IF(ISNUMBER(SEARCH(TEXT(N$7,"yyyy-mm-dd"),TAREAS!$J$29)),IF(TAREAS!$I$29="Registro Git","R",IF(TAREAS!$I$29="Despliegue documentado","D","L")),"")) | O30: =IF(TAREAS!$I$29="Propuesta",IF(AND(O$7>=TAREAS!$G$29,O$7<=TAREAS!$H$29,CALENDARIO!$C$19=1),"P",""),IF(ISNUMBER(SEARCH(TEXT(O$7,"yyyy-mm-dd"),TAREAS!$J$29)),IF(TAREAS!$I$29="Registro Git","R",IF(TAREAS!$I$29="Despliegue documentado","D","L")),"")) | P30: =IF(TAREAS!$I$29="Propuesta",IF(AND(P$7>=TAREAS!$G$29,P$7<=TAREAS!$H$29,CALENDARIO!$C$20=1),"P",""),IF(ISNUMBER(SEARCH(TEXT(P$7,"yyyy-mm-dd"),TAREAS!$J$29)),IF(TAREAS!$I$29="Registro Git","R",IF(TAREAS!$I$29="Despliegue documentado","D","L")),"")) | Q30: =IF(TAREAS!$I$29="Propuesta",IF(AND(Q$7>=TAREAS!$G$29,Q$7<=TAREAS!$H$29,CALENDARIO!$C$21=1),"P",""),IF(ISNUMBER(SEARCH(TEXT(Q$7,"yyyy-mm-dd"),TAREAS!$J$29)),IF(TAREAS!$I$29="Registro Git","R",IF(TAREAS!$I$29="Despliegue documentado","D","L")),"")) | R30: =IF(TAREAS!$I$29="Propuesta",IF(AND(R$7>=TAREAS!$G$29,R$7<=TAREAS!$H$29,CALENDARIO!$C$22=1),"P",""),IF(ISNUMBER(SEARCH(TEXT(R$7,"yyyy-mm-dd"),TAREAS!$J$29)),IF(TAREAS!$I$29="Registro Git","R",IF(TAREAS!$I$29="Despliegue documentado","D","L")),"")) | S30: =IF(TAREAS!$I$29="Propuesta",IF(AND(S$7>=TAREAS!$G$29,S$7<=TAREAS!$H$29,CALENDARIO!$C$23=1),"P",""),IF(ISNUMBER(SEARCH(TEXT(S$7,"yyyy-mm-dd"),TAREAS!$J$29)),IF(TAREAS!$I$29="Registro Git","R",IF(TAREAS!$I$29="Despliegue documentado","D","L")),"")) | T30: =IF(TAREAS!$I$29="Propuesta",IF(AND(T$7>=TAREAS!$G$29,T$7<=TAREAS!$H$29,CALENDARIO!$C$24=1),"P",""),IF(ISNUMBER(SEARCH(TEXT(T$7,"yyyy-mm-dd"),TAREAS!$J$29)),IF(TAREAS!$I$29="Registro Git","R",IF(TAREAS!$I$29="Despliegue documentado","D","L")),"")) | U30: =IF(TAREAS!$I$29="Propuesta",IF(AND(U$7>=TAREAS!$G$29,U$7<=TAREAS!$H$29,CALENDARIO!$C$25=1),"P",""),IF(ISNUMBER(SEARCH(TEXT(U$7,"yyyy-mm-dd"),TAREAS!$J$29)),IF(TAREAS!$I$29="Registro Git","R",IF(TAREAS!$I$29="Despliegue documentado","D","L")),"")) | V30: =IF(TAREAS!$I$29="Propuesta",IF(AND(V$7>=TAREAS!$G$29,V$7<=TAREAS!$H$29,CALENDARIO!$C$26=1),"P",""),IF(ISNUMBER(SEARCH(TEXT(V$7,"yyyy-mm-dd"),TAREAS!$J$29)),IF(TAREAS!$I$29="Registro Git","R",IF(TAREAS!$I$29="Despliegue documentado","D","L")),"")) | W30: =IF(TAREAS!$I$29="Propuesta",IF(AND(W$7>=TAREAS!$G$29,W$7<=TAREAS!$H$29,CALENDARIO!$C$27=1),"P",""),IF(ISNUMBER(SEARCH(TEXT(W$7,"yyyy-mm-dd"),TAREAS!$J$29)),IF(TAREAS!$I$29="Registro Git","R",IF(TAREAS!$I$29="Despliegue documentado","D","L")),"")) -> R | X30: =IF(TAREAS!$I$29="Propuesta",IF(AND(X$7>=TAREAS!$G$29,X$7<=TAREAS!$H$29,CALENDARIO!$C$28=1),"P",""),IF(ISNUMBER(SEARCH(TEXT(X$7,"yyyy-mm-dd"),TAREAS!$J$29)),IF(TAREAS!$I$29="Registro Git","R",IF(TAREAS!$I$29="Despliegue documentado","D","L")),"")) -> R | Y30: =IF(TAREAS!$I$29="Propuesta",IF(AND(Y$7>=TAREAS!$G$29,Y$7<=TAREAS!$H$29,CALENDARIO!$C$29=1),"P",""),IF(ISNUMBER(SEARCH(TEXT(Y$7,"yyyy-mm-dd"),TAREAS!$J$29)),IF(TAREAS!$I$29="Registro Git","R",IF(TAREAS!$I$29="Despliegue documentado","D","L")),"")) | Z30: =IF(TAREAS!$I$29="Propuesta",IF(AND(Z$7>=TAREAS!$G$29,Z$7<=TAREAS!$H$29,CALENDARIO!$C$30=1),"P",""),IF(ISNUMBER(SEARCH(TEXT(Z$7,"yyyy-mm-dd"),TAREAS!$J$29)),IF(TAREAS!$I$29="Registro Git","R",IF(TAREAS!$I$29="Despliegue documentado","D","L")),"")) | AA30: =IF(TAREAS!$I$29="Propuesta",IF(AND(AA$7>=TAREAS!$G$29,AA$7<=TAREAS!$H$29,CALENDARIO!$C$31=1),"P",""),IF(ISNUMBER(SEARCH(TEXT(AA$7,"yyyy-mm-dd"),TAREAS!$J$29)),IF(TAREAS!$I$29="Registro Git","R",IF(TAREAS!$I$29="Despliegue documentado","D","L")),"")) | AB30: =IF(TAREAS!$I$29="Propuesta",IF(AND(AB$7>=TAREAS!$G$29,AB$7<=TAREAS!$H$29,CALENDARIO!$C$32=1),"P",""),IF(ISNUMBER(SEARCH(TEXT(AB$7,"yyyy-mm-dd"),TAREAS!$J$29)),IF(TAREAS!$I$29="Registro Git","R",IF(TAREAS!$I$29="Despliegue documentado","D","L")),"")) | AC30: =IF(TAREAS!$I$29="Propuesta",IF(AND(AC$7>=TAREAS!$G$29,AC$7<=TAREAS!$H$29,CALENDARIO!$C$33=1),"P",""),IF(ISNUMBER(SEARCH(TEXT(AC$7,"yyyy-mm-dd"),TAREAS!$J$29)),IF(TAREAS!$I$29="Registro Git","R",IF(TAREAS!$I$29="Despliegue documentado","D","L")),"")) | AD30: =IF(TAREAS!$I$29="Propuesta",IF(AND(AD$7>=TAREAS!$G$29,AD$7<=TAREAS!$H$29,CALENDARIO!$C$34=1),"P",""),IF(ISNUMBER(SEARCH(TEXT(AD$7,"yyyy-mm-dd"),TAREAS!$J$29)),IF(TAREAS!$I$29="Registro Git","R",IF(TAREAS!$I$29="Despliegue documentado","D","L")),"")) | AE30: =IF(TAREAS!$I$29="Propuesta",IF(AND(AE$7>=TAREAS!$G$29,AE$7<=TAREAS!$H$29,CALENDARIO!$C$35=1),"P",""),IF(ISNUMBER(SEARCH(TEXT(AE$7,"yyyy-mm-dd"),TAREAS!$J$29)),IF(TAREAS!$I$29="Registro Git","R",IF(TAREAS!$I$29="Despliegue documentado","D","L")),"")) | AF30: =IF(TAREAS!$I$29="Propuesta",IF(AND(AF$7>=TAREAS!$G$29,AF$7<=TAREAS!$H$29,CALENDARIO!$C$36=1),"P",""),IF(ISNUMBER(SEARCH(TEXT(AF$7,"yyyy-mm-dd"),TAREAS!$J$29)),IF(TAREAS!$I$29="Registro Git","R",IF(TAREAS!$I$29="Despliegue documentado","D","L")),"")) | AG30: =IF(TAREAS!$I$29="Propuesta",IF(AND(AG$7>=TAREAS!$G$29,AG$7<=TAREAS!$H$29,CALENDARIO!$C$37=1),"P",""),IF(ISNUMBER(SEARCH(TEXT(AG$7,"yyyy-mm-dd"),TAREAS!$J$29)),IF(TAREAS!$I$29="Registro Git","R",IF(TAREAS!$I$29="Despliegue documentado","D","L")),"")) | AH30: =IF(TAREAS!$I$29="Propuesta",IF(AND(AH$7>=TAREAS!$G$29,AH$7<=TAREAS!$H$29,CALENDARIO!$C$38=1),"P",""),IF(ISNUMBER(SEARCH(TEXT(AH$7,"yyyy-mm-dd"),TAREAS!$J$29)),IF(TAREAS!$I$29="Registro Git","R",IF(TAREAS!$I$29="Despliegue documentado","D","L")),""))
A31: =TAREAS!C30 -> HU-G06 · Como usuario, quiero comunicarme con mi equipo y consultar avisos. | B31: =TAREAS!A30&" · "&TAREAS!D30 -> T-026 · Comunicados emergentes y carrusel del dashboard | C31: =TAREAS!F30 -> JhonyVX, yeiserDev | D31: =COUNTIF(E31:AH31,"R")+COUNTIF(E31:AH31,"D")+COUNTIF(E31:AH31,"L")+COUNTIF(E31:AH31,"P") -> 1 | E31: =IF(TAREAS!$I$30="Propuesta",IF(AND(E$7>=TAREAS!$G$30,E$7<=TAREAS!$H$30,CALENDARIO!$C$9=1),"P",""),IF(ISNUMBER(SEARCH(TEXT(E$7,"yyyy-mm-dd"),TAREAS!$J$30)),IF(TAREAS!$I$30="Registro Git","R",IF(TAREAS!$I$30="Despliegue documentado","D","L")),"")) | F31: =IF(TAREAS!$I$30="Propuesta",IF(AND(F$7>=TAREAS!$G$30,F$7<=TAREAS!$H$30,CALENDARIO!$C$10=1),"P",""),IF(ISNUMBER(SEARCH(TEXT(F$7,"yyyy-mm-dd"),TAREAS!$J$30)),IF(TAREAS!$I$30="Registro Git","R",IF(TAREAS!$I$30="Despliegue documentado","D","L")),"")) | G31: =IF(TAREAS!$I$30="Propuesta",IF(AND(G$7>=TAREAS!$G$30,G$7<=TAREAS!$H$30,CALENDARIO!$C$11=1),"P",""),IF(ISNUMBER(SEARCH(TEXT(G$7,"yyyy-mm-dd"),TAREAS!$J$30)),IF(TAREAS!$I$30="Registro Git","R",IF(TAREAS!$I$30="Despliegue documentado","D","L")),"")) | H31: =IF(TAREAS!$I$30="Propuesta",IF(AND(H$7>=TAREAS!$G$30,H$7<=TAREAS!$H$30,CALENDARIO!$C$12=1),"P",""),IF(ISNUMBER(SEARCH(TEXT(H$7,"yyyy-mm-dd"),TAREAS!$J$30)),IF(TAREAS!$I$30="Registro Git","R",IF(TAREAS!$I$30="Despliegue documentado","D","L")),"")) | I31: =IF(TAREAS!$I$30="Propuesta",IF(AND(I$7>=TAREAS!$G$30,I$7<=TAREAS!$H$30,CALENDARIO!$C$13=1),"P",""),IF(ISNUMBER(SEARCH(TEXT(I$7,"yyyy-mm-dd"),TAREAS!$J$30)),IF(TAREAS!$I$30="Registro Git","R",IF(TAREAS!$I$30="Despliegue documentado","D","L")),"")) | J31: =IF(TAREAS!$I$30="Propuesta",IF(AND(J$7>=TAREAS!$G$30,J$7<=TAREAS!$H$30,CALENDARIO!$C$14=1),"P",""),IF(ISNUMBER(SEARCH(TEXT(J$7,"yyyy-mm-dd"),TAREAS!$J$30)),IF(TAREAS!$I$30="Registro Git","R",IF(TAREAS!$I$30="Despliegue documentado","D","L")),"")) | K31: =IF(TAREAS!$I$30="Propuesta",IF(AND(K$7>=TAREAS!$G$30,K$7<=TAREAS!$H$30,CALENDARIO!$C$15=1),"P",""),IF(ISNUMBER(SEARCH(TEXT(K$7,"yyyy-mm-dd"),TAREAS!$J$30)),IF(TAREAS!$I$30="Registro Git","R",IF(TAREAS!$I$30="Despliegue documentado","D","L")),"")) | L31: =IF(TAREAS!$I$30="Propuesta",IF(AND(L$7>=TAREAS!$G$30,L$7<=TAREAS!$H$30,CALENDARIO!$C$16=1),"P",""),IF(ISNUMBER(SEARCH(TEXT(L$7,"yyyy-mm-dd"),TAREAS!$J$30)),IF(TAREAS!$I$30="Registro Git","R",IF(TAREAS!$I$30="Despliegue documentado","D","L")),"")) | M31: =IF(TAREAS!$I$30="Propuesta",IF(AND(M$7>=TAREAS!$G$30,M$7<=TAREAS!$H$30,CALENDARIO!$C$17=1),"P",""),IF(ISNUMBER(SEARCH(TEXT(M$7,"yyyy-mm-dd"),TAREAS!$J$30)),IF(TAREAS!$I$30="Registro Git","R",IF(TAREAS!$I$30="Despliegue documentado","D","L")),"")) | N31: =IF(TAREAS!$I$30="Propuesta",IF(AND(N$7>=TAREAS!$G$30,N$7<=TAREAS!$H$30,CALENDARIO!$C$18=1),"P",""),IF(ISNUMBER(SEARCH(TEXT(N$7,"yyyy-mm-dd"),TAREAS!$J$30)),IF(TAREAS!$I$30="Registro Git","R",IF(TAREAS!$I$30="Despliegue documentado","D","L")),"")) | O31: =IF(TAREAS!$I$30="Propuesta",IF(AND(O$7>=TAREAS!$G$30,O$7<=TAREAS!$H$30,CALENDARIO!$C$19=1),"P",""),IF(ISNUMBER(SEARCH(TEXT(O$7,"yyyy-mm-dd"),TAREAS!$J$30)),IF(TAREAS!$I$30="Registro Git","R",IF(TAREAS!$I$30="Despliegue documentado","D","L")),"")) | P31: =IF(TAREAS!$I$30="Propuesta",IF(AND(P$7>=TAREAS!$G$30,P$7<=TAREAS!$H$30,CALENDARIO!$C$20=1),"P",""),IF(ISNUMBER(SEARCH(TEXT(P$7,"yyyy-mm-dd"),TAREAS!$J$30)),IF(TAREAS!$I$30="Registro Git","R",IF(TAREAS!$I$30="Despliegue documentado","D","L")),"")) | Q31: =IF(TAREAS!$I$30="Propuesta",IF(AND(Q$7>=TAREAS!$G$30,Q$7<=TAREAS!$H$30,CALENDARIO!$C$21=1),"P",""),IF(ISNUMBER(SEARCH(TEXT(Q$7,"yyyy-mm-dd"),TAREAS!$J$30)),IF(TAREAS!$I$30="Registro Git","R",IF(TAREAS!$I$30="Despliegue documentado","D","L")),"")) | R31: =IF(TAREAS!$I$30="Propuesta",IF(AND(R$7>=TAREAS!$G$30,R$7<=TAREAS!$H$30,CALENDARIO!$C$22=1),"P",""),IF(ISNUMBER(SEARCH(TEXT(R$7,"yyyy-mm-dd"),TAREAS!$J$30)),IF(TAREAS!$I$30="Registro Git","R",IF(TAREAS!$I$30="Despliegue documentado","D","L")),"")) | S31: =IF(TAREAS!$I$30="Propuesta",IF(AND(S$7>=TAREAS!$G$30,S$7<=TAREAS!$H$30,CALENDARIO!$C$23=1),"P",""),IF(ISNUMBER(SEARCH(TEXT(S$7,"yyyy-mm-dd"),TAREAS!$J$30)),IF(TAREAS!$I$30="Registro Git","R",IF(TAREAS!$I$30="Despliegue documentado","D","L")),"")) | T31: =IF(TAREAS!$I$30="Propuesta",IF(AND(T$7>=TAREAS!$G$30,T$7<=TAREAS!$H$30,CALENDARIO!$C$24=1),"P",""),IF(ISNUMBER(SEARCH(TEXT(T$7,"yyyy-mm-dd"),TAREAS!$J$30)),IF(TAREAS!$I$30="Registro Git","R",IF(TAREAS!$I$30="Despliegue documentado","D","L")),"")) | U31: =IF(TAREAS!$I$30="Propuesta",IF(AND(U$7>=TAREAS!$G$30,U$7<=TAREAS!$H$30,CALENDARIO!$C$25=1),"P",""),IF(ISNUMBER(SEARCH(TEXT(U$7,"yyyy-mm-dd"),TAREAS!$J$30)),IF(TAREAS!$I$30="Registro Git","R",IF(TAREAS!$I$30="Despliegue documentado","D","L")),"")) | V31: =IF(TAREAS!$I$30="Propuesta",IF(AND(V$7>=TAREAS!$G$30,V$7<=TAREAS!$H$30,CALENDARIO!$C$26=1),"P",""),IF(ISNUMBER(SEARCH(TEXT(V$7,"yyyy-mm-dd"),TAREAS!$J$30)),IF(TAREAS!$I$30="Registro Git","R",IF(TAREAS!$I$30="Despliegue documentado","D","L")),"")) | W31: =IF(TAREAS!$I$30="Propuesta",IF(AND(W$7>=TAREAS!$G$30,W$7<=TAREAS!$H$30,CALENDARIO!$C$27=1),"P",""),IF(ISNUMBER(SEARCH(TEXT(W$7,"yyyy-mm-dd"),TAREAS!$J$30)),IF(TAREAS!$I$30="Registro Git","R",IF(TAREAS!$I$30="Despliegue documentado","D","L")),"")) | X31: =IF(TAREAS!$I$30="Propuesta",IF(AND(X$7>=TAREAS!$G$30,X$7<=TAREAS!$H$30,CALENDARIO!$C$28=1),"P",""),IF(ISNUMBER(SEARCH(TEXT(X$7,"yyyy-mm-dd"),TAREAS!$J$30)),IF(TAREAS!$I$30="Registro Git","R",IF(TAREAS!$I$30="Despliegue documentado","D","L")),"")) | Y31: =IF(TAREAS!$I$30="Propuesta",IF(AND(Y$7>=TAREAS!$G$30,Y$7<=TAREAS!$H$30,CALENDARIO!$C$29=1),"P",""),IF(ISNUMBER(SEARCH(TEXT(Y$7,"yyyy-mm-dd"),TAREAS!$J$30)),IF(TAREAS!$I$30="Registro Git","R",IF(TAREAS!$I$30="Despliegue documentado","D","L")),"")) -> R | Z31: =IF(TAREAS!$I$30="Propuesta",IF(AND(Z$7>=TAREAS!$G$30,Z$7<=TAREAS!$H$30,CALENDARIO!$C$30=1),"P",""),IF(ISNUMBER(SEARCH(TEXT(Z$7,"yyyy-mm-dd"),TAREAS!$J$30)),IF(TAREAS!$I$30="Registro Git","R",IF(TAREAS!$I$30="Despliegue documentado","D","L")),"")) | AA31: =IF(TAREAS!$I$30="Propuesta",IF(AND(AA$7>=TAREAS!$G$30,AA$7<=TAREAS!$H$30,CALENDARIO!$C$31=1),"P",""),IF(ISNUMBER(SEARCH(TEXT(AA$7,"yyyy-mm-dd"),TAREAS!$J$30)),IF(TAREAS!$I$30="Registro Git","R",IF(TAREAS!$I$30="Despliegue documentado","D","L")),"")) | AB31: =IF(TAREAS!$I$30="Propuesta",IF(AND(AB$7>=TAREAS!$G$30,AB$7<=TAREAS!$H$30,CALENDARIO!$C$32=1),"P",""),IF(ISNUMBER(SEARCH(TEXT(AB$7,"yyyy-mm-dd"),TAREAS!$J$30)),IF(TAREAS!$I$30="Registro Git","R",IF(TAREAS!$I$30="Despliegue documentado","D","L")),"")) | AC31: =IF(TAREAS!$I$30="Propuesta",IF(AND(AC$7>=TAREAS!$G$30,AC$7<=TAREAS!$H$30,CALENDARIO!$C$33=1),"P",""),IF(ISNUMBER(SEARCH(TEXT(AC$7,"yyyy-mm-dd"),TAREAS!$J$30)),IF(TAREAS!$I$30="Registro Git","R",IF(TAREAS!$I$30="Despliegue documentado","D","L")),"")) | AD31: =IF(TAREAS!$I$30="Propuesta",IF(AND(AD$7>=TAREAS!$G$30,AD$7<=TAREAS!$H$30,CALENDARIO!$C$34=1),"P",""),IF(ISNUMBER(SEARCH(TEXT(AD$7,"yyyy-mm-dd"),TAREAS!$J$30)),IF(TAREAS!$I$30="Registro Git","R",IF(TAREAS!$I$30="Despliegue documentado","D","L")),"")) | AE31: =IF(TAREAS!$I$30="Propuesta",IF(AND(AE$7>=TAREAS!$G$30,AE$7<=TAREAS!$H$30,CALENDARIO!$C$35=1),"P",""),IF(ISNUMBER(SEARCH(TEXT(AE$7,"yyyy-mm-dd"),TAREAS!$J$30)),IF(TAREAS!$I$30="Registro Git","R",IF(TAREAS!$I$30="Despliegue documentado","D","L")),"")) | AF31: =IF(TAREAS!$I$30="Propuesta",IF(AND(AF$7>=TAREAS!$G$30,AF$7<=TAREAS!$H$30,CALENDARIO!$C$36=1),"P",""),IF(ISNUMBER(SEARCH(TEXT(AF$7,"yyyy-mm-dd"),TAREAS!$J$30)),IF(TAREAS!$I$30="Registro Git","R",IF(TAREAS!$I$30="Despliegue documentado","D","L")),"")) | AG31: =IF(TAREAS!$I$30="Propuesta",IF(AND(AG$7>=TAREAS!$G$30,AG$7<=TAREAS!$H$30,CALENDARIO!$C$37=1),"P",""),IF(ISNUMBER(SEARCH(TEXT(AG$7,"yyyy-mm-dd"),TAREAS!$J$30)),IF(TAREAS!$I$30="Registro Git","R",IF(TAREAS!$I$30="Despliegue documentado","D","L")),"")) | AH31: =IF(TAREAS!$I$30="Propuesta",IF(AND(AH$7>=TAREAS!$G$30,AH$7<=TAREAS!$H$30,CALENDARIO!$C$38=1),"P",""),IF(ISNUMBER(SEARCH(TEXT(AH$7,"yyyy-mm-dd"),TAREAS!$J$30)),IF(TAREAS!$I$30="Registro Git","R",IF(TAREAS!$I$30="Despliegue documentado","D","L")),""))
